id,survey,antigen,igg_conc
SUBJ0001,before,AMA1,5044.81
SUBJ0001,before,CSP,1215.04
SUBJ0001,before,EBA175,2653.09
SUBJ0001,before,GLURP,57.47
SUBJ0001,before,MSP1,666.03
SUBJ0001,during,AMA1,7308.63
SUBJ0001,during,CSP,2962.5
SUBJ0001,during,EBA175,1312.41
SUBJ0001,during,GLURP,1493.64
SUBJ0001,during,MSP1,3138.35
SUBJ0002,before,AMA1,2698.4
SUBJ0002,before,CSP,578.09
SUBJ0002,before,EBA175,1473.35
SUBJ0002,before,GLURP,1005.14
SUBJ0002,before,MSP1,5249.68
SUBJ0002,during,AMA1,5735.31
SUBJ0002,during,CSP,1675.16
SUBJ0002,during,EBA175,15717.99
SUBJ0002,during,GLURP,508.99
SUBJ0002,during,MSP1,9993.08
SUBJ0003,before,AMA1,10452.17
SUBJ0003,before,CSP,1519.52
SUBJ0003,before,EBA175,15115.98
SUBJ0003,before,GLURP,756
SUBJ0003,before,MSP1,2985.41
SUBJ0003,during,AMA1,994.85
SUBJ0003,during,CSP,671.88
SUBJ0003,during,EBA175,15057.7
SUBJ0003,during,GLURP,603.09
SUBJ0003,during,MSP1,2514.25
SUBJ0004,before,AMA1,47.48
SUBJ0004,before,CSP,122.69
SUBJ0004,before,EBA175,267
SUBJ0004,before,GLURP,40.04
SUBJ0004,before,MSP1,25.3
SUBJ0004,during,AMA1,85.95
SUBJ0004,during,CSP,245.8
SUBJ0004,during,EBA175,289.26
SUBJ0004,during,GLURP,356.56
SUBJ0004,during,MSP1,30.9
SUBJ0005,before,AMA1,1817.54
SUBJ0005,before,CSP,1149.14
SUBJ0005,before,EBA175,1059.55
SUBJ0005,before,GLURP,408.15
SUBJ0005,before,MSP1,2626.81
SUBJ0005,during,AMA1,1606.27
SUBJ0005,during,CSP,635.94
SUBJ0005,during,EBA175,735.67
SUBJ0005,during,GLURP,787.42
SUBJ0005,during,MSP1,1020.94
SUBJ0006,before,AMA1,776.41
SUBJ0006,before,CSP,415
SUBJ0006,before,EBA175,715.68
SUBJ0006,before,GLURP,248.37
SUBJ0006,before,MSP1,50.55
SUBJ0006,during,AMA1,191.1
SUBJ0006,during,CSP,337.7
SUBJ0006,during,EBA175,923.67
SUBJ0006,during,GLURP,434.99
SUBJ0006,during,MSP1,254.57
SUBJ0007,before,AMA1,10890.79
SUBJ0007,before,CSP,417.99
SUBJ0007,before,EBA175,9589.21
SUBJ0007,before,GLURP,1384.97
SUBJ0007,before,MSP1,493.55
SUBJ0007,during,AMA1,5067.4
SUBJ0007,during,CSP,1322.93
SUBJ0007,during,EBA175,9080.84
SUBJ0007,during,GLURP,1665.88
SUBJ0007,during,MSP1,2363.68
SUBJ0008,during,AMA1,3064.9
SUBJ0008,during,CSP,3886.92
SUBJ0008,during,EBA175,4324.79
SUBJ0008,during,GLURP,818.62
SUBJ0008,during,MSP1,2050.89
SUBJ0009,before,AMA1,874.06
SUBJ0009,before,CSP,958.21
SUBJ0009,before,EBA175,1221.07
SUBJ0009,before,GLURP,2860.92
SUBJ0009,before,MSP1,587.29
SUBJ0009,during,AMA1,881.09
SUBJ0009,during,CSP,999.62
SUBJ0009,during,EBA175,4392.23
SUBJ0009,during,GLURP,967.59
SUBJ0009,during,MSP1,1613.74
SUBJ0010,before,AMA1,587.27
SUBJ0010,before,CSP,840
SUBJ0010,before,EBA175,45236.2
SUBJ0010,before,GLURP,3284.1
SUBJ0010,before,MSP1,15397.37
SUBJ0010,during,AMA1,400.9
SUBJ0010,during,CSP,3911.63
SUBJ0010,during,EBA175,3610.12
SUBJ0010,during,GLURP,3555.35
SUBJ0010,during,MSP1,24562.14
SUBJ0011,before,AMA1,770.41
SUBJ0011,before,CSP,6607.56
SUBJ0011,before,EBA175,6381.39
SUBJ0011,before,GLURP,1315.46
SUBJ0011,before,MSP1,894.97
SUBJ0011,during,AMA1,605.42
SUBJ0011,during,CSP,4867.06
SUBJ0011,during,EBA175,2608.41
SUBJ0011,during,GLURP,1582.42
SUBJ0011,during,MSP1,1822.41
SUBJ0012,before,AMA1,1124.43
SUBJ0012,before,CSP,2707.58
SUBJ0012,before,EBA175,1495.59
SUBJ0012,before,GLURP,295.53
SUBJ0012,before,MSP1,563.19
SUBJ0012,during,AMA1,804.97
SUBJ0012,during,CSP,377.52
SUBJ0012,during,EBA175,373.81
SUBJ0012,during,GLURP,165.42
SUBJ0012,during,MSP1,373.68
SUBJ0013,before,AMA1,2765.32
SUBJ0013,before,CSP,1285.07
SUBJ0013,before,EBA175,1157.86
SUBJ0013,before,GLURP,1864.98
SUBJ0013,before,MSP1,2874.91
SUBJ0013,during,AMA1,844.25
SUBJ0013,during,CSP,1690.74
SUBJ0013,during,EBA175,4397.5
SUBJ0013,during,GLURP,1386.25
SUBJ0013,during,MSP1,7202.74
SUBJ0014,before,AMA1,269.99
SUBJ0014,before,CSP,255.86
SUBJ0014,before,EBA175,599.56
SUBJ0014,before,GLURP,44.3
SUBJ0014,before,MSP1,401.67
SUBJ0014,during,AMA1,482.1
SUBJ0014,during,CSP,1249.25
SUBJ0014,during,EBA175,994.79
SUBJ0014,during,GLURP,294.76
SUBJ0014,during,MSP1,160.24
SUBJ0015,before,AMA1,838.43
SUBJ0015,before,CSP,2074.52
SUBJ0015,before,EBA175,2945.79
SUBJ0015,before,GLURP,2220
SUBJ0015,before,MSP1,1890.91
SUBJ0015,during,AMA1,2083.01
SUBJ0015,during,CSP,1509.64
SUBJ0015,during,EBA175,2680.01
SUBJ0015,during,GLURP,625.96
SUBJ0015,during,MSP1,1430.66
SUBJ0016,before,AMA1,8855.21
SUBJ0016,before,CSP,775.53
SUBJ0016,before,EBA175,1949.45
SUBJ0016,before,GLURP,1442.73
SUBJ0016,before,MSP1,1228.92
SUBJ0016,during,AMA1,6151.66
SUBJ0016,during,CSP,987.6
SUBJ0016,during,EBA175,7346.11
SUBJ0016,during,GLURP,496.28
SUBJ0016,during,MSP1,861.91
SUBJ0017,before,AMA1,608.98
SUBJ0017,before,CSP,221.82
SUBJ0017,before,EBA175,754.62
SUBJ0017,before,GLURP,285.02
SUBJ0017,before,MSP1,601.93
SUBJ0017,during,AMA1,539.06
SUBJ0017,during,CSP,41.46
SUBJ0017,during,EBA175,97.92
SUBJ0017,during,GLURP,636.29
SUBJ0017,during,MSP1,276.75
SUBJ0018,before,AMA1,1067.89
SUBJ0018,before,CSP,3416.58
SUBJ0018,before,EBA175,3767.13
SUBJ0018,before,GLURP,953.18
SUBJ0018,before,MSP1,2203.78
SUBJ0018,during,AMA1,1962.85
SUBJ0018,during,CSP,2195.72
SUBJ0018,during,EBA175,2024.77
SUBJ0018,during,GLURP,5914.55
SUBJ0018,during,MSP1,3594.35
SUBJ0019,before,AMA1,188.39
SUBJ0019,before,CSP,42.7
SUBJ0019,before,EBA175,575.31
SUBJ0019,before,GLURP,67.21
SUBJ0019,before,MSP1,649.37
SUBJ0019,during,AMA1,1372.41
SUBJ0019,during,CSP,151.48
SUBJ0019,during,EBA175,1167.42
SUBJ0019,during,GLURP,22.41
SUBJ0019,during,MSP1,358.44
SUBJ0020,during,AMA1,6040.47
SUBJ0020,during,CSP,2199.15
SUBJ0020,during,EBA175,1284.46
SUBJ0020,during,GLURP,314.38
SUBJ0020,during,MSP1,2297.69
SUBJ0021,before,AMA1,605.23
SUBJ0021,before,CSP,1725.98
SUBJ0021,before,EBA175,1205.91
SUBJ0021,before,GLURP,239.72
SUBJ0021,before,MSP1,934.93
SUBJ0021,during,AMA1,153.17
SUBJ0021,during,CSP,162.79
SUBJ0021,during,EBA175,329.78
SUBJ0021,during,GLURP,219.83
SUBJ0021,during,MSP1,200.38
SUBJ0022,before,AMA1,4427.71
SUBJ0022,before,CSP,478.63
SUBJ0022,before,EBA175,2828.06
SUBJ0022,before,GLURP,702.25
SUBJ0022,before,MSP1,2085.99
SUBJ0022,during,AMA1,6525.16
SUBJ0022,during,CSP,953.63
SUBJ0022,during,EBA175,413.68
SUBJ0022,during,GLURP,947.39
SUBJ0022,during,MSP1,1593.76
SUBJ0023,before,AMA1,1382.33
SUBJ0023,before,CSP,681.47
SUBJ0023,before,EBA175,2483.35
SUBJ0023,before,GLURP,388.81
SUBJ0023,before,MSP1,685.21
SUBJ0023,during,AMA1,953.36
SUBJ0023,during,CSP,465.13
SUBJ0023,during,EBA175,1820.43
SUBJ0023,during,GLURP,522.9
SUBJ0023,during,MSP1,164.63
SUBJ0024,before,AMA1,159.99
SUBJ0024,before,CSP,221.74
SUBJ0024,before,EBA175,418.73
SUBJ0024,before,GLURP,109.82
SUBJ0024,before,MSP1,847.95
SUBJ0024,during,AMA1,487.68
SUBJ0024,during,CSP,49.26
SUBJ0024,during,EBA175,249.29
SUBJ0024,during,GLURP,21.01
SUBJ0024,during,MSP1,126.74
SUBJ0025,before,AMA1,550.23
SUBJ0025,before,CSP,1749.67
SUBJ0025,before,EBA175,6639.71
SUBJ0025,before,GLURP,524.48
SUBJ0025,before,MSP1,573.03
SUBJ0025,during,AMA1,1590.83
SUBJ0025,during,CSP,1403.82
SUBJ0025,during,EBA175,625.47
SUBJ0025,during,GLURP,3388.88
SUBJ0025,during,MSP1,1240.1
SUBJ0026,before,AMA1,6538.16
SUBJ0026,before,CSP,7261.76
SUBJ0026,before,EBA175,17749.81
SUBJ0026,before,GLURP,359.82
SUBJ0026,before,MSP1,9328.18
SUBJ0026,during,AMA1,2107.74
SUBJ0026,during,CSP,5155.89
SUBJ0026,during,EBA175,1006.18
SUBJ0026,during,GLURP,1176.36
SUBJ0026,during,MSP1,3344.34
SUBJ0027,before,AMA1,966.72
SUBJ0027,before,CSP,2482.9
SUBJ0027,before,EBA175,896.92
SUBJ0027,before,GLURP,269.19
SUBJ0027,before,MSP1,920.83
SUBJ0027,during,AMA1,774.36
SUBJ0027,during,CSP,384.33
SUBJ0027,during,EBA175,1452.07
SUBJ0027,during,GLURP,251.62
SUBJ0027,during,MSP1,422.22
SUBJ0028,before,AMA1,809.57
SUBJ0028,before,CSP,751.2
SUBJ0028,before,EBA175,446.1
SUBJ0028,before,GLURP,67.97
SUBJ0028,before,MSP1,100.08
SUBJ0028,during,AMA1,147.04
SUBJ0028,during,CSP,382.85
SUBJ0028,during,EBA175,400.41
SUBJ0028,during,GLURP,123.28
SUBJ0028,during,MSP1,95.32
SUBJ0029,before,AMA1,11736.31
SUBJ0029,before,CSP,2168.96
SUBJ0029,before,EBA175,16078.55
SUBJ0029,before,GLURP,3848.89
SUBJ0029,before,MSP1,1231.2
SUBJ0029,during,AMA1,12996.02
SUBJ0029,during,CSP,2457.64
SUBJ0029,during,EBA175,4081.78
SUBJ0029,during,GLURP,849.89
SUBJ0029,during,MSP1,1538.75
SUBJ0030,before,AMA1,1077.87
SUBJ0030,before,CSP,1839.48
SUBJ0030,before,EBA175,4104.2
SUBJ0030,before,GLURP,1666.46
SUBJ0030,before,MSP1,3487.45
SUBJ0030,during,AMA1,2067.47
SUBJ0030,during,CSP,726.32
SUBJ0030,during,EBA175,1688.73
SUBJ0030,during,GLURP,591.74
SUBJ0030,during,MSP1,244.1
SUBJ0031,before,AMA1,3095.5
SUBJ0031,before,CSP,1417.49
SUBJ0031,before,EBA175,9419.2
SUBJ0031,before,GLURP,2519.64
SUBJ0031,before,MSP1,1924.13
SUBJ0031,during,AMA1,1509.16
SUBJ0031,during,CSP,617.57
SUBJ0031,during,EBA175,22338.64
SUBJ0031,during,GLURP,1313.87
SUBJ0031,during,MSP1,523.63
SUBJ0032,before,AMA1,59.48
SUBJ0032,before,CSP,463.57
SUBJ0032,before,EBA175,514.98
SUBJ0032,before,GLURP,552.67
SUBJ0032,before,MSP1,813.89
SUBJ0032,during,AMA1,640.46
SUBJ0032,during,CSP,317.25
SUBJ0032,during,EBA175,267.01
SUBJ0032,during,GLURP,330.7
SUBJ0032,during,MSP1,842.43
SUBJ0033,before,AMA1,2160.01
SUBJ0033,before,CSP,394.04
SUBJ0033,before,EBA175,411.98
SUBJ0033,before,GLURP,10305.47
SUBJ0033,before,MSP1,4037.56
SUBJ0033,during,AMA1,11972.4
SUBJ0033,during,CSP,6367.1
SUBJ0033,during,EBA175,3536.09
SUBJ0033,during,GLURP,1232.68
SUBJ0033,during,MSP1,21725.08
SUBJ0034,before,AMA1,3038.72
SUBJ0034,before,CSP,136.39
SUBJ0034,before,EBA175,481.92
SUBJ0034,before,GLURP,178.29
SUBJ0034,before,MSP1,498.79
SUBJ0034,during,AMA1,695.04
SUBJ0034,during,CSP,1568.68
SUBJ0034,during,EBA175,2433.19
SUBJ0034,during,GLURP,210.12
SUBJ0034,during,MSP1,623.13
SUBJ0035,before,AMA1,180.7
SUBJ0035,before,CSP,2070.62
SUBJ0035,before,EBA175,8673.08
SUBJ0035,before,GLURP,1127.43
SUBJ0035,before,MSP1,1172.1
SUBJ0035,during,AMA1,3622.26
SUBJ0035,during,CSP,268.71
SUBJ0035,during,EBA175,3727.54
SUBJ0035,during,GLURP,555.76
SUBJ0035,during,MSP1,1134.89
SUBJ0036,before,AMA1,2662.54
SUBJ0036,before,CSP,861.44
SUBJ0036,before,EBA175,1960.87
SUBJ0036,before,GLURP,497.14
SUBJ0036,before,MSP1,1310.49
SUBJ0036,during,AMA1,1304.29
SUBJ0036,during,CSP,3253.9
SUBJ0036,during,EBA175,935.47
SUBJ0036,during,GLURP,446.22
SUBJ0036,during,MSP1,3550.9
SUBJ0037,before,AMA1,929.19
SUBJ0037,before,CSP,2563.75
SUBJ0037,before,EBA175,1628.98
SUBJ0037,before,GLURP,138.71
SUBJ0037,before,MSP1,872.75
SUBJ0037,during,AMA1,4444.08
SUBJ0037,during,CSP,2019.4
SUBJ0037,during,EBA175,955.04
SUBJ0037,during,GLURP,751.56
SUBJ0037,during,MSP1,1680.64
SUBJ0038,before,AMA1,1008.42
SUBJ0038,before,CSP,184.06
SUBJ0038,before,EBA175,567.14
SUBJ0038,before,GLURP,1119.7
SUBJ0038,before,MSP1,334.25
SUBJ0038,during,AMA1,315.54
SUBJ0038,during,CSP,1291.93
SUBJ0038,during,EBA175,1102.33
SUBJ0038,during,GLURP,232.07
SUBJ0038,during,MSP1,122.46
SUBJ0039,before,AMA1,1346
SUBJ0039,before,CSP,339.22
SUBJ0039,before,EBA175,1810.12
SUBJ0039,before,GLURP,5180.03
SUBJ0039,before,MSP1,131.29
SUBJ0039,during,AMA1,1512.68
SUBJ0039,during,CSP,2351.78
SUBJ0039,during,EBA175,3496.7
SUBJ0039,during,GLURP,5128.55
SUBJ0039,during,MSP1,3496.3
SUBJ0040,before,AMA1,1097.74
SUBJ0040,before,CSP,1049.38
SUBJ0040,before,EBA175,531.29
SUBJ0040,before,GLURP,145.98
SUBJ0040,before,MSP1,674.55
SUBJ0040,during,AMA1,653.23
SUBJ0040,during,CSP,657.42
SUBJ0040,during,EBA175,2510.88
SUBJ0040,during,GLURP,181.63
SUBJ0040,during,MSP1,728.98
SUBJ0041,before,AMA1,923.32
SUBJ0041,before,CSP,1319.53
SUBJ0041,before,EBA175,7450.2
SUBJ0041,before,GLURP,1079.06
SUBJ0041,before,MSP1,8706.66
SUBJ0041,during,AMA1,3652.82
SUBJ0041,during,CSP,8532.31
SUBJ0041,during,EBA175,8117.17
SUBJ0041,during,GLURP,489.58
SUBJ0041,during,MSP1,896.21
SUBJ0042,before,AMA1,1131.18
SUBJ0042,before,CSP,109.75
SUBJ0042,before,EBA175,843.16
SUBJ0042,before,GLURP,365.28
SUBJ0042,before,MSP1,612.29
SUBJ0042,during,AMA1,146.82
SUBJ0042,during,CSP,506.9
SUBJ0042,during,EBA175,379.55
SUBJ0042,during,GLURP,181.56
SUBJ0042,during,MSP1,360.92
SUBJ0043,before,AMA1,110.63
SUBJ0043,before,CSP,45.48
SUBJ0043,before,EBA175,93.36
SUBJ0043,before,GLURP,106.9
SUBJ0043,before,MSP1,52.96
SUBJ0043,during,AMA1,166.2
SUBJ0043,during,CSP,53.73
SUBJ0043,during,EBA175,475.08
SUBJ0043,during,GLURP,480.2
SUBJ0043,during,MSP1,181.82
SUBJ0044,before,AMA1,4554.07
SUBJ0044,before,CSP,1273.69
SUBJ0044,before,EBA175,8361.05
SUBJ0044,before,GLURP,176.71
SUBJ0044,before,MSP1,7349.05
SUBJ0044,during,AMA1,5215.35
SUBJ0044,during,CSP,3937.13
SUBJ0044,during,EBA175,21313.94
SUBJ0044,during,GLURP,1218.23
SUBJ0044,during,MSP1,10074.78
SUBJ0045,before,AMA1,653.38
SUBJ0045,before,CSP,472.36
SUBJ0045,before,EBA175,647.81
SUBJ0045,before,GLURP,246.08
SUBJ0045,before,MSP1,952.22
SUBJ0046,before,AMA1,651.78
SUBJ0046,before,CSP,980.72
SUBJ0046,before,EBA175,7713.58
SUBJ0046,before,GLURP,614.4
SUBJ0046,before,MSP1,361.31
SUBJ0046,during,AMA1,252.27
SUBJ0046,during,CSP,1501.82
SUBJ0046,during,EBA175,1336.85
SUBJ0046,during,GLURP,907.44
SUBJ0046,during,MSP1,793.14
SUBJ0047,before,AMA1,1182.25
SUBJ0047,before,CSP,1239.58
SUBJ0047,before,EBA175,229.34
SUBJ0047,before,GLURP,990.93
SUBJ0047,before,MSP1,356.46
SUBJ0047,during,AMA1,229.17
SUBJ0047,during,CSP,457.8
SUBJ0047,during,EBA175,245.29
SUBJ0047,during,GLURP,315.83
SUBJ0047,during,MSP1,87.3
SUBJ0048,before,AMA1,27.34
SUBJ0048,before,CSP,84.11
SUBJ0048,before,EBA175,424.09
SUBJ0048,before,GLURP,45.22
SUBJ0048,before,MSP1,74.06
SUBJ0048,during,AMA1,346.39
SUBJ0048,during,CSP,162.86
SUBJ0048,during,EBA175,484.38
SUBJ0048,during,GLURP,91.69
SUBJ0048,during,MSP1,192.4
SUBJ0049,before,AMA1,289.7
SUBJ0049,before,CSP,256.73
SUBJ0049,before,EBA175,576.3
SUBJ0049,before,GLURP,94
SUBJ0049,before,MSP1,1220.41
SUBJ0049,during,AMA1,804.05
SUBJ0049,during,CSP,2012.17
SUBJ0049,during,EBA175,1056.32
SUBJ0049,during,GLURP,50.69
SUBJ0049,during,MSP1,940.87
SUBJ0050,before,AMA1,60.14
SUBJ0050,before,CSP,1085.86
SUBJ0050,before,EBA175,2204.31
SUBJ0050,before,GLURP,3004.65
SUBJ0050,before,MSP1,971.7
SUBJ0050,during,AMA1,812.32
SUBJ0050,during,CSP,208.97
SUBJ0050,during,EBA175,1053.64
SUBJ0050,during,GLURP,1156.42
SUBJ0050,during,MSP1,1333.5
SUBJ0051,before,AMA1,5483.21
SUBJ0051,before,CSP,5575.69
SUBJ0051,before,EBA175,3122
SUBJ0051,before,GLURP,1002.97
SUBJ0051,before,MSP1,914
SUBJ0052,before,AMA1,4355.78
SUBJ0052,before,CSP,13362.14
SUBJ0052,before,EBA175,11391.86
SUBJ0052,before,GLURP,1313.73
SUBJ0052,before,MSP1,4049.76
SUBJ0052,during,AMA1,3945.9
SUBJ0052,during,CSP,1456.21
SUBJ0052,during,EBA175,3852.32
SUBJ0052,during,GLURP,3327.85
SUBJ0052,during,MSP1,492.9
SUBJ0053,before,AMA1,10442.13
SUBJ0053,before,CSP,3098.29
SUBJ0053,before,EBA175,5993.12
SUBJ0053,before,GLURP,847.98
SUBJ0053,before,MSP1,1686.6
SUBJ0053,during,AMA1,2684.35
SUBJ0053,during,CSP,592.57
SUBJ0053,during,EBA175,822.77
SUBJ0053,during,GLURP,900.59
SUBJ0053,during,MSP1,904.92
SUBJ0054,before,AMA1,818.38
SUBJ0054,before,CSP,1064.41
SUBJ0054,before,EBA175,1331.22
SUBJ0054,before,GLURP,583.76
SUBJ0054,before,MSP1,836.17
SUBJ0054,during,AMA1,976.56
SUBJ0054,during,CSP,294.05
SUBJ0054,during,EBA175,4581.15
SUBJ0054,during,GLURP,78.05
SUBJ0054,during,MSP1,2809.41
SUBJ0055,before,AMA1,7160.65
SUBJ0055,before,CSP,8674.17
SUBJ0055,before,EBA175,2021.26
SUBJ0055,before,GLURP,608.33
SUBJ0055,before,MSP1,3825.94
SUBJ0055,during,AMA1,1842.1
SUBJ0055,during,CSP,414.38
SUBJ0055,during,EBA175,2009.17
SUBJ0055,during,GLURP,474.88
SUBJ0055,during,MSP1,805.19
SUBJ0056,before,AMA1,143.7
SUBJ0056,before,CSP,40.88
SUBJ0056,before,EBA175,112.94
SUBJ0056,before,GLURP,32.83
SUBJ0056,before,MSP1,126.42
SUBJ0057,before,AMA1,21038
SUBJ0057,before,CSP,259.13
SUBJ0057,before,EBA175,13632.99
SUBJ0057,before,GLURP,1723.8
SUBJ0057,before,MSP1,3162.62
SUBJ0057,during,AMA1,9261.38
SUBJ0057,during,CSP,2035.09
SUBJ0057,during,EBA175,5219.69
SUBJ0057,during,GLURP,3036.04
SUBJ0057,during,MSP1,3088.29
SUBJ0058,before,AMA1,3578.22
SUBJ0058,before,CSP,59.36
SUBJ0058,before,EBA175,781.05
SUBJ0058,before,GLURP,661.04
SUBJ0058,before,MSP1,319.92
SUBJ0058,during,AMA1,2412.95
SUBJ0058,during,CSP,4048.77
SUBJ0058,during,EBA175,898.29
SUBJ0058,during,GLURP,204.2
SUBJ0058,during,MSP1,838.89
SUBJ0059,before,AMA1,95.04
SUBJ0059,before,CSP,18.3
SUBJ0059,before,EBA175,121.63
SUBJ0059,before,GLURP,120.15
SUBJ0059,before,MSP1,147.21
SUBJ0059,during,AMA1,333.15
SUBJ0059,during,CSP,219.51
SUBJ0059,during,EBA175,444.14
SUBJ0059,during,GLURP,97.57
SUBJ0059,during,MSP1,18.49
SUBJ0060,during,AMA1,335.72
SUBJ0060,during,CSP,761.79
SUBJ0060,during,EBA175,203.64
SUBJ0060,during,GLURP,36.61
SUBJ0060,during,MSP1,350.49
SUBJ0061,before,AMA1,3526.71
SUBJ0061,before,CSP,713.13
SUBJ0061,before,EBA175,3161.63
SUBJ0061,before,GLURP,1482.83
SUBJ0061,before,MSP1,1232.12
SUBJ0061,during,AMA1,632.27
SUBJ0061,during,CSP,1275.32
SUBJ0061,during,EBA175,1471.97
SUBJ0061,during,GLURP,1778.55
SUBJ0061,during,MSP1,1148.1
SUBJ0062,before,AMA1,3064.14
SUBJ0062,before,CSP,1148.87
SUBJ0062,before,EBA175,4323.39
SUBJ0062,before,GLURP,436.79
SUBJ0062,before,MSP1,348.97
SUBJ0062,during,AMA1,1042.84
SUBJ0062,during,CSP,303.81
SUBJ0062,during,EBA175,3540.73
SUBJ0062,during,GLURP,247.79
SUBJ0062,during,MSP1,793.37
SUBJ0063,before,AMA1,4653.1
SUBJ0063,before,CSP,25529.95
SUBJ0063,before,EBA175,6699.98
SUBJ0063,before,GLURP,4965.8
SUBJ0063,before,MSP1,6178.29
SUBJ0063,during,AMA1,5258.23
SUBJ0063,during,CSP,6017.46
SUBJ0063,during,EBA175,3260.52
SUBJ0063,during,GLURP,459.29
SUBJ0063,during,MSP1,1523.78
SUBJ0064,before,AMA1,1655.6
SUBJ0064,before,CSP,1255.91
SUBJ0064,before,EBA175,10409.32
SUBJ0064,before,GLURP,2433.31
SUBJ0064,before,MSP1,5028.22
SUBJ0064,during,AMA1,2026.85
SUBJ0064,during,CSP,7733.05
SUBJ0064,during,EBA175,9528.75
SUBJ0064,during,GLURP,13109.82
SUBJ0064,during,MSP1,10990.16
SUBJ0065,before,AMA1,117.58
SUBJ0065,before,CSP,22.21
SUBJ0065,before,EBA175,433.38
SUBJ0065,before,GLURP,6.47
SUBJ0065,before,MSP1,40.63
SUBJ0065,during,AMA1,183.22
SUBJ0065,during,CSP,428.63
SUBJ0065,during,EBA175,308.87
SUBJ0065,during,GLURP,64.71
SUBJ0065,during,MSP1,112.82
SUBJ0066,before,AMA1,825.84
SUBJ0066,before,CSP,658.21
SUBJ0066,before,EBA175,3477.61
SUBJ0066,before,GLURP,373.06
SUBJ0066,before,MSP1,388.78
SUBJ0066,during,AMA1,1706.48
SUBJ0066,during,CSP,1235.75
SUBJ0066,during,EBA175,1629.53
SUBJ0066,during,GLURP,385.8
SUBJ0066,during,MSP1,937.73
SUBJ0067,before,AMA1,341.42
SUBJ0067,before,CSP,2077.08
SUBJ0067,before,EBA175,573.55
SUBJ0067,before,GLURP,2026.23
SUBJ0067,before,MSP1,1700.69
SUBJ0067,during,AMA1,774.4
SUBJ0067,during,CSP,1088.05
SUBJ0067,during,EBA175,1159.54
SUBJ0067,during,GLURP,1478.8
SUBJ0067,during,MSP1,469.89
SUBJ0068,before,AMA1,329.62
SUBJ0068,before,CSP,4550.55
SUBJ0068,before,EBA175,2395.51
SUBJ0068,before,GLURP,1194.42
SUBJ0068,before,MSP1,2251.01
SUBJ0068,during,AMA1,5889.31
SUBJ0068,during,CSP,4363.61
SUBJ0068,during,EBA175,1221.12
SUBJ0068,during,GLURP,740.65
SUBJ0068,during,MSP1,8466.11
SUBJ0069,before,AMA1,965.92
SUBJ0069,before,CSP,5237.67
SUBJ0069,before,EBA175,4196.58
SUBJ0069,before,GLURP,2405.85
SUBJ0069,before,MSP1,2106.84
SUBJ0069,during,AMA1,3193.2
SUBJ0069,during,CSP,7135.28
SUBJ0069,during,EBA175,1542.87
SUBJ0069,during,GLURP,1123
SUBJ0069,during,MSP1,1237.94
SUBJ0070,before,AMA1,726.71
SUBJ0070,before,CSP,685.22
SUBJ0070,before,EBA175,450.73
SUBJ0070,before,GLURP,130.8
SUBJ0070,before,MSP1,352.44
SUBJ0070,during,AMA1,786.6
SUBJ0070,during,CSP,87.89
SUBJ0070,during,EBA175,1839.88
SUBJ0070,during,GLURP,188.03
SUBJ0070,during,MSP1,611.39
SUBJ0071,before,AMA1,564.18
SUBJ0071,before,CSP,113.54
SUBJ0071,before,EBA175,278.32
SUBJ0071,before,GLURP,228.45
SUBJ0071,before,MSP1,330.02
SUBJ0071,during,AMA1,330.69
SUBJ0071,during,CSP,193.69
SUBJ0071,during,EBA175,547.18
SUBJ0071,during,GLURP,158.81
SUBJ0071,during,MSP1,99.23
SUBJ0072,before,AMA1,210.86
SUBJ0072,before,CSP,329.28
SUBJ0072,before,EBA175,463.22
SUBJ0072,before,GLURP,236.21
SUBJ0072,before,MSP1,1102.95
SUBJ0072,during,AMA1,214.71
SUBJ0072,during,CSP,107.94
SUBJ0072,during,EBA175,5160
SUBJ0072,during,GLURP,187.6
SUBJ0072,during,MSP1,1117.99
SUBJ0073,before,AMA1,5147.62
SUBJ0073,before,CSP,710.81
SUBJ0073,before,EBA175,1021.42
SUBJ0073,before,GLURP,416.61
SUBJ0073,before,MSP1,4816.3
SUBJ0073,during,AMA1,2873.65
SUBJ0073,during,CSP,3756.62
SUBJ0073,during,EBA175,2319.69
SUBJ0073,during,GLURP,1730.3
SUBJ0073,during,MSP1,695.1
SUBJ0074,before,AMA1,1046.97
SUBJ0074,before,CSP,198.95
SUBJ0074,before,EBA175,3448.27
SUBJ0074,before,GLURP,244.42
SUBJ0074,before,MSP1,1350.57
SUBJ0074,during,AMA1,1729.54
SUBJ0074,during,CSP,1868.72
SUBJ0074,during,EBA175,2231.25
SUBJ0074,during,GLURP,248.1
SUBJ0074,during,MSP1,583.29
SUBJ0075,before,AMA1,6086.72
SUBJ0075,before,CSP,901.81
SUBJ0075,before,EBA175,4794.57
SUBJ0075,before,GLURP,453.21
SUBJ0075,before,MSP1,972.5
SUBJ0075,during,AMA1,1721.73
SUBJ0075,during,CSP,1083.11
SUBJ0075,during,EBA175,394.69
SUBJ0075,during,GLURP,1370.49
SUBJ0075,during,MSP1,9430.78
SUBJ0076,before,AMA1,767.64
SUBJ0076,before,CSP,229.75
SUBJ0076,before,EBA175,3745.42
SUBJ0076,before,GLURP,149.48
SUBJ0076,before,MSP1,336.92
SUBJ0076,during,AMA1,250.51
SUBJ0076,during,CSP,794.97
SUBJ0076,during,EBA175,1876.72
SUBJ0076,during,GLURP,947.54
SUBJ0076,during,MSP1,707.03
SUBJ0077,before,AMA1,101.9
SUBJ0077,before,CSP,105.01
SUBJ0077,before,EBA175,86.72
SUBJ0077,before,GLURP,27.13
SUBJ0077,before,MSP1,216.56
SUBJ0077,during,AMA1,753.58
SUBJ0077,during,CSP,130.96
SUBJ0077,during,EBA175,609.62
SUBJ0077,during,GLURP,102.98
SUBJ0077,during,MSP1,481.92
SUBJ0078,before,AMA1,84.08
SUBJ0078,before,CSP,211.14
SUBJ0078,before,EBA175,474.5
SUBJ0078,before,GLURP,107.67
SUBJ0078,before,MSP1,64.44
SUBJ0078,during,AMA1,1191.61
SUBJ0078,during,CSP,651.9
SUBJ0078,during,EBA175,1733.37
SUBJ0078,during,GLURP,296.56
SUBJ0078,during,MSP1,383.58
SUBJ0079,before,AMA1,1565.16
SUBJ0079,before,CSP,106.01
SUBJ0079,before,EBA175,218.3
SUBJ0079,before,GLURP,161.59
SUBJ0079,before,MSP1,72.43
SUBJ0079,during,AMA1,94.84
SUBJ0079,during,CSP,249.54
SUBJ0079,during,EBA175,577.52
SUBJ0079,during,GLURP,545.83
SUBJ0079,during,MSP1,1490.56
SUBJ0080,before,AMA1,240.62
SUBJ0080,before,CSP,230.44
SUBJ0080,before,EBA175,446.43
SUBJ0080,before,GLURP,306.25
SUBJ0080,before,MSP1,69.53
SUBJ0080,during,AMA1,385.41
SUBJ0080,during,CSP,103.39
SUBJ0080,during,EBA175,329.34
SUBJ0080,during,GLURP,328.4
SUBJ0080,during,MSP1,91.97
SUBJ0081,before,AMA1,4589.57
SUBJ0081,before,CSP,853.35
SUBJ0081,before,EBA175,498.39
SUBJ0081,before,GLURP,1380.01
SUBJ0081,before,MSP1,178.87
SUBJ0081,during,AMA1,249.48
SUBJ0081,during,CSP,351.01
SUBJ0081,during,EBA175,5323.33
SUBJ0081,during,GLURP,577.27
SUBJ0081,during,MSP1,2716.69
SUBJ0082,before,AMA1,2028.36
SUBJ0082,before,CSP,705.92
SUBJ0082,before,EBA175,3652.12
SUBJ0082,before,GLURP,595.48
SUBJ0082,before,MSP1,2330.75
SUBJ0082,during,AMA1,2888.87
SUBJ0082,during,CSP,2628.58
SUBJ0082,during,EBA175,1321.28
SUBJ0082,during,GLURP,468.32
SUBJ0082,during,MSP1,5073.02
SUBJ0083,before,AMA1,1011.55
SUBJ0083,before,CSP,1374.78
SUBJ0083,before,EBA175,8906.51
SUBJ0083,before,GLURP,2851.04
SUBJ0083,before,MSP1,989.49
SUBJ0083,during,AMA1,6963.67
SUBJ0083,during,CSP,3006.31
SUBJ0083,during,EBA175,1263.75
SUBJ0083,during,GLURP,2888.61
SUBJ0083,during,MSP1,2617.22
SUBJ0084,before,AMA1,3410.39
SUBJ0084,before,CSP,1475.64
SUBJ0084,before,EBA175,1840.41
SUBJ0084,before,GLURP,220.78
SUBJ0084,before,MSP1,799.34
SUBJ0084,during,AMA1,847.33
SUBJ0084,during,CSP,176.67
SUBJ0084,during,EBA175,2711.11
SUBJ0084,during,GLURP,321.14
SUBJ0084,during,MSP1,360.26
SUBJ0085,before,AMA1,1138.24
SUBJ0085,before,CSP,1825.23
SUBJ0085,before,EBA175,2110.53
SUBJ0085,before,GLURP,697.39
SUBJ0085,before,MSP1,2771.84
SUBJ0085,during,AMA1,881.15
SUBJ0085,during,CSP,1001.5
SUBJ0085,during,EBA175,1570.96
SUBJ0085,during,GLURP,1139.5
SUBJ0085,during,MSP1,750.74
SUBJ0086,before,AMA1,1033.74
SUBJ0086,before,CSP,3777.64
SUBJ0086,before,EBA175,14237.59
SUBJ0086,before,GLURP,1123.79
SUBJ0086,before,MSP1,646.16
SUBJ0086,during,AMA1,1094.16
SUBJ0086,during,CSP,1917.92
SUBJ0086,during,EBA175,2415.1
SUBJ0086,during,GLURP,959.11
SUBJ0086,during,MSP1,1533.12
SUBJ0087,before,AMA1,157
SUBJ0087,before,CSP,65.64
SUBJ0087,before,EBA175,1146.24
SUBJ0087,before,GLURP,202.97
SUBJ0087,before,MSP1,82.06
SUBJ0087,during,AMA1,1069.31
SUBJ0087,during,CSP,139.68
SUBJ0087,during,EBA175,858.61
SUBJ0087,during,GLURP,967.55
SUBJ0087,during,MSP1,52.85
SUBJ0088,before,AMA1,2911.57
SUBJ0088,before,CSP,1911.89
SUBJ0088,before,EBA175,1192.7
SUBJ0088,before,GLURP,1055.72
SUBJ0088,before,MSP1,896.33
SUBJ0088,during,AMA1,374.91
SUBJ0088,during,CSP,1913.77
SUBJ0088,during,EBA175,7088.86
SUBJ0088,during,GLURP,446.96
SUBJ0088,during,MSP1,1315.58
SUBJ0089,before,AMA1,404.21
SUBJ0089,before,CSP,1346.83
SUBJ0089,before,EBA175,4104.11
SUBJ0089,before,GLURP,1552.87
SUBJ0089,before,MSP1,1205.57
SUBJ0089,during,AMA1,1858.63
SUBJ0089,during,CSP,1954.89
SUBJ0089,during,EBA175,3449.31
SUBJ0089,during,GLURP,1422.21
SUBJ0089,during,MSP1,566.65
SUBJ0090,during,AMA1,164.3
SUBJ0090,during,CSP,147.37
SUBJ0090,during,EBA175,1612.87
SUBJ0090,during,GLURP,352.83
SUBJ0090,during,MSP1,99.64
SUBJ0091,before,AMA1,2469.32
SUBJ0091,before,CSP,869.03
SUBJ0091,before,EBA175,10777.07
SUBJ0091,before,GLURP,328.52
SUBJ0091,before,MSP1,3409.21
SUBJ0091,during,AMA1,740.27
SUBJ0091,during,CSP,796.71
SUBJ0091,during,EBA175,3577.71
SUBJ0091,during,GLURP,1178.63
SUBJ0091,during,MSP1,2759.48
SUBJ0092,before,AMA1,4863.05
SUBJ0092,before,CSP,3337.87
SUBJ0092,before,EBA175,586.46
SUBJ0092,before,GLURP,961.06
SUBJ0092,before,MSP1,480.99
SUBJ0092,during,AMA1,1747.71
SUBJ0092,during,CSP,2227.62
SUBJ0092,during,EBA175,963.11
SUBJ0092,during,GLURP,187.89
SUBJ0092,during,MSP1,663.77
SUBJ0093,before,AMA1,1202.62
SUBJ0093,before,CSP,38061
SUBJ0093,before,EBA175,12135.55
SUBJ0093,before,GLURP,7022.34
SUBJ0093,before,MSP1,9319.91
SUBJ0093,during,AMA1,4985.77
SUBJ0093,during,CSP,3137.32
SUBJ0093,during,EBA175,3848.8
SUBJ0093,during,GLURP,248.81
SUBJ0093,during,MSP1,1824.43
SUBJ0094,before,AMA1,2306.66
SUBJ0094,before,CSP,346.85
SUBJ0094,before,EBA175,2298.78
SUBJ0094,before,GLURP,218.42
SUBJ0094,before,MSP1,476.8
SUBJ0094,during,AMA1,1714.64
SUBJ0094,during,CSP,106.15
SUBJ0094,during,EBA175,6884.2
SUBJ0094,during,GLURP,2171.63
SUBJ0094,during,MSP1,666.5
SUBJ0095,before,AMA1,1105.68
SUBJ0095,before,CSP,2532.91
SUBJ0095,before,EBA175,4432.21
SUBJ0095,before,GLURP,1033.95
SUBJ0095,before,MSP1,6037.27
SUBJ0095,during,AMA1,1627.58
SUBJ0095,during,CSP,553.54
SUBJ0095,during,EBA175,10246.28
SUBJ0095,during,GLURP,946.83
SUBJ0095,during,MSP1,456.41
SUBJ0096,before,AMA1,251.55
SUBJ0096,before,CSP,2862.37
SUBJ0096,before,EBA175,561.46
SUBJ0096,before,GLURP,215.37
SUBJ0096,before,MSP1,2426.14
SUBJ0096,during,AMA1,367.07
SUBJ0096,during,CSP,208.6
SUBJ0096,during,EBA175,4764.35
SUBJ0096,during,GLURP,158.03
SUBJ0096,during,MSP1,379.58
SUBJ0097,before,AMA1,200.03
SUBJ0097,before,CSP,216.99
SUBJ0097,before,EBA175,1309.1
SUBJ0097,before,GLURP,78.51
SUBJ0097,before,MSP1,637.54
SUBJ0097,during,AMA1,76.17
SUBJ0097,during,CSP,133.52
SUBJ0097,during,EBA175,865.63
SUBJ0097,during,GLURP,103.47
SUBJ0097,during,MSP1,2934.71
SUBJ0098,before,AMA1,402.72
SUBJ0098,before,CSP,910.37
SUBJ0098,before,EBA175,533.91
SUBJ0098,before,GLURP,382.29
SUBJ0098,before,MSP1,170.39
SUBJ0098,during,AMA1,436.34
SUBJ0098,during,CSP,297.9
SUBJ0098,during,EBA175,449.37
SUBJ0098,during,GLURP,81.25
SUBJ0098,during,MSP1,288.04
SUBJ0099,before,AMA1,2007.58
SUBJ0099,before,CSP,723.21
SUBJ0099,before,EBA175,1077.24
SUBJ0099,before,GLURP,1490.58
SUBJ0099,before,MSP1,2295.62
SUBJ0099,during,AMA1,2262.21
SUBJ0099,during,CSP,651.12
SUBJ0099,during,EBA175,10624.69
SUBJ0099,during,GLURP,6927.5
SUBJ0099,during,MSP1,4989.46
SUBJ0100,before,AMA1,1944.05
SUBJ0100,before,CSP,4316.21
SUBJ0100,before,EBA175,3700.62
SUBJ0100,before,GLURP,2379.53
SUBJ0100,before,MSP1,4260.62
SUBJ0100,during,AMA1,4106.2
SUBJ0100,during,CSP,800.58
SUBJ0100,during,EBA175,2487.08
SUBJ0100,during,GLURP,1833.77
SUBJ0100,during,MSP1,1401.1
SUBJ0101,before,AMA1,8946.63
SUBJ0101,before,CSP,4045.56
SUBJ0101,before,EBA175,5609.82
SUBJ0101,before,GLURP,1170.35
SUBJ0101,before,MSP1,615.49
SUBJ0101,during,AMA1,950.93
SUBJ0101,during,CSP,4693.84
SUBJ0101,during,EBA175,1011.19
SUBJ0101,during,GLURP,1840.44
SUBJ0101,during,MSP1,1043.12
SUBJ0102,before,AMA1,1034.08
SUBJ0102,before,CSP,428.51
SUBJ0102,before,EBA175,213.15
SUBJ0102,before,GLURP,44.57
SUBJ0102,before,MSP1,328.68
SUBJ0102,during,AMA1,674.72
SUBJ0102,during,CSP,71.17
SUBJ0102,during,EBA175,627.16
SUBJ0102,during,GLURP,327.48
SUBJ0102,during,MSP1,260.8
SUBJ0103,before,AMA1,403.29
SUBJ0103,before,CSP,453.49
SUBJ0103,before,EBA175,1270.73
SUBJ0103,before,GLURP,61.22
SUBJ0103,before,MSP1,514.91
SUBJ0103,during,AMA1,931.22
SUBJ0103,during,CSP,4246.4
SUBJ0103,during,EBA175,589.09
SUBJ0103,during,GLURP,453.71
SUBJ0103,during,MSP1,741.51
SUBJ0104,before,AMA1,2391.2
SUBJ0104,before,CSP,505.27
SUBJ0104,before,EBA175,642.77
SUBJ0104,before,GLURP,1494.27
SUBJ0104,before,MSP1,1967.17
SUBJ0104,during,AMA1,5271.68
SUBJ0104,during,CSP,930.9
SUBJ0104,during,EBA175,4193.01
SUBJ0104,during,GLURP,319.9
SUBJ0104,during,MSP1,7477.02
SUBJ0105,before,AMA1,564.93
SUBJ0105,before,CSP,442.76
SUBJ0105,before,EBA175,505.14
SUBJ0105,before,GLURP,1458.05
SUBJ0105,before,MSP1,1071.82
SUBJ0105,during,AMA1,1321
SUBJ0105,during,CSP,509.66
SUBJ0105,during,EBA175,533.47
SUBJ0105,during,GLURP,816.48
SUBJ0105,during,MSP1,2110.53
SUBJ0106,before,AMA1,210.47
SUBJ0106,before,CSP,131.68
SUBJ0106,before,EBA175,202.23
SUBJ0106,before,GLURP,158.4
SUBJ0106,before,MSP1,53.14
SUBJ0106,during,AMA1,288.49
SUBJ0106,during,CSP,358.65
SUBJ0106,during,EBA175,836.2
SUBJ0106,during,GLURP,115.15
SUBJ0106,during,MSP1,148.79
SUBJ0107,before,AMA1,916.7
SUBJ0107,before,CSP,1495.13
SUBJ0107,before,EBA175,84.63
SUBJ0107,before,GLURP,154.89
SUBJ0107,before,MSP1,280.54
SUBJ0107,during,AMA1,405.4
SUBJ0107,during,CSP,103.85
SUBJ0107,during,EBA175,754.13
SUBJ0107,during,GLURP,107.83
SUBJ0107,during,MSP1,318.38
SUBJ0108,before,AMA1,1083.82
SUBJ0108,before,CSP,554.85
SUBJ0108,before,EBA175,607.79
SUBJ0108,before,GLURP,986.78
SUBJ0108,before,MSP1,360.59
SUBJ0108,during,AMA1,708.03
SUBJ0108,during,CSP,1485.46
SUBJ0108,during,EBA175,3698.03
SUBJ0108,during,GLURP,184.93
SUBJ0108,during,MSP1,619.35
SUBJ0109,before,AMA1,200.66
SUBJ0109,before,CSP,257.02
SUBJ0109,before,EBA175,1487
SUBJ0109,before,GLURP,96.17
SUBJ0109,before,MSP1,725.22
SUBJ0109,during,AMA1,867.64
SUBJ0109,during,CSP,1036.67
SUBJ0109,during,EBA175,840.08
SUBJ0109,during,GLURP,873.87
SUBJ0109,during,MSP1,1599.54
SUBJ0110,before,AMA1,1066.65
SUBJ0110,before,CSP,1423.61
SUBJ0110,before,EBA175,517.85
SUBJ0110,before,GLURP,292.29
SUBJ0110,before,MSP1,375.14
SUBJ0110,during,AMA1,310.89
SUBJ0110,during,CSP,1179.12
SUBJ0110,during,EBA175,2177.79
SUBJ0110,during,GLURP,434.52
SUBJ0110,during,MSP1,320.55
SUBJ0111,before,AMA1,3450.84
SUBJ0111,before,CSP,8001.8
SUBJ0111,before,EBA175,3053.5
SUBJ0111,before,GLURP,1624
SUBJ0111,before,MSP1,1085.96
SUBJ0111,during,AMA1,12478.51
SUBJ0111,during,CSP,6664.92
SUBJ0111,during,EBA175,4670.54
SUBJ0111,during,GLURP,751.83
SUBJ0111,during,MSP1,4316.01
SUBJ0112,before,AMA1,5694.54
SUBJ0112,before,CSP,5377.88
SUBJ0112,before,EBA175,4663.61
SUBJ0112,before,GLURP,3453.26
SUBJ0112,before,MSP1,9059.36
SUBJ0112,during,AMA1,1881.45
SUBJ0112,during,CSP,1504.2
SUBJ0112,during,EBA175,2563.84
SUBJ0112,during,GLURP,5016.84
SUBJ0112,during,MSP1,1380.19
SUBJ0113,before,AMA1,1542.55
SUBJ0113,before,CSP,1984.94
SUBJ0113,before,EBA175,5037.94
SUBJ0113,before,GLURP,1446.32
SUBJ0113,before,MSP1,4362.27
SUBJ0113,during,AMA1,1101.33
SUBJ0113,during,CSP,2532.72
SUBJ0113,during,EBA175,1234.41
SUBJ0113,during,GLURP,499.61
SUBJ0113,during,MSP1,2118.9
SUBJ0114,before,AMA1,1087.34
SUBJ0114,before,CSP,342.33
SUBJ0114,before,EBA175,2054.16
SUBJ0114,before,GLURP,825.41
SUBJ0114,before,MSP1,594.61
SUBJ0114,during,AMA1,3315.46
SUBJ0114,during,CSP,1603.97
SUBJ0114,during,EBA175,467.97
SUBJ0114,during,GLURP,1507.35
SUBJ0114,during,MSP1,441.58
SUBJ0115,before,AMA1,1546.78
SUBJ0115,before,CSP,2121.65
SUBJ0115,before,EBA175,10172.08
SUBJ0115,before,GLURP,2436.48
SUBJ0115,before,MSP1,4190.88
SUBJ0115,during,AMA1,1145.84
SUBJ0115,during,CSP,705.47
SUBJ0115,during,EBA175,38872.14
SUBJ0115,during,GLURP,669.26
SUBJ0115,during,MSP1,30161.85
SUBJ0116,before,AMA1,1112.95
SUBJ0116,before,CSP,11816.37
SUBJ0116,before,EBA175,3237.29
SUBJ0116,before,GLURP,548.03
SUBJ0116,before,MSP1,799.97
SUBJ0116,during,AMA1,8935.96
SUBJ0116,during,CSP,79.06
SUBJ0116,during,EBA175,1921.02
SUBJ0116,during,GLURP,363.43
SUBJ0116,during,MSP1,229.32
SUBJ0117,before,AMA1,800.78
SUBJ0117,before,CSP,503.76
SUBJ0117,before,EBA175,1109.91
SUBJ0117,before,GLURP,362.49
SUBJ0117,before,MSP1,506.61
SUBJ0118,before,AMA1,17210.96
SUBJ0118,before,CSP,1574.87
SUBJ0118,before,EBA175,1595.12
SUBJ0118,before,GLURP,525.78
SUBJ0118,before,MSP1,1077.32
SUBJ0118,during,AMA1,1837.51
SUBJ0118,during,CSP,6327.84
SUBJ0118,during,EBA175,5846.85
SUBJ0118,during,GLURP,7316.94
SUBJ0118,during,MSP1,16231.08
SUBJ0119,before,AMA1,1081.58
SUBJ0119,before,CSP,2713.93
SUBJ0119,before,EBA175,21326.43
SUBJ0119,before,GLURP,5353.77
SUBJ0119,before,MSP1,2192.11
SUBJ0119,during,AMA1,3548.02
SUBJ0119,during,CSP,1292.84
SUBJ0119,during,EBA175,666
SUBJ0119,during,GLURP,327.62
SUBJ0119,during,MSP1,3504.74
SUBJ0120,before,AMA1,367.49
SUBJ0120,before,CSP,485.49
SUBJ0120,before,EBA175,178.65
SUBJ0120,before,GLURP,253.8
SUBJ0120,before,MSP1,299.92
SUBJ0120,during,AMA1,93.45
SUBJ0120,during,CSP,697.74
SUBJ0120,during,EBA175,952.35
SUBJ0120,during,GLURP,115.25
SUBJ0120,during,MSP1,1796.55
SUBJ0121,before,AMA1,421.44
SUBJ0121,before,CSP,79.81
SUBJ0121,before,EBA175,1289.27
SUBJ0121,before,GLURP,319.78
SUBJ0121,before,MSP1,218.99
SUBJ0121,during,AMA1,166.59
SUBJ0121,during,CSP,912.39
SUBJ0121,during,EBA175,2422.24
SUBJ0121,during,GLURP,84.86
SUBJ0121,during,MSP1,844.54
SUBJ0122,before,AMA1,1151.37
SUBJ0122,before,CSP,277.06
SUBJ0122,before,EBA175,1225.53
SUBJ0122,before,GLURP,458.52
SUBJ0122,before,MSP1,703.55
SUBJ0122,during,AMA1,684.82
SUBJ0122,during,CSP,1657.57
SUBJ0122,during,EBA175,2124.68
SUBJ0122,during,GLURP,10747.52
SUBJ0122,during,MSP1,1092.52
SUBJ0123,before,AMA1,216.53
SUBJ0123,before,CSP,160.44
SUBJ0123,before,EBA175,1776.79
SUBJ0123,before,GLURP,199.69
SUBJ0123,before,MSP1,588.28
SUBJ0123,during,AMA1,170.58
SUBJ0123,during,CSP,336.97
SUBJ0123,during,EBA175,374.53
SUBJ0123,during,GLURP,322.37
SUBJ0123,during,MSP1,939.86
SUBJ0124,before,AMA1,140.67
SUBJ0124,before,CSP,511.58
SUBJ0124,before,EBA175,317.79
SUBJ0124,before,GLURP,176.45
SUBJ0124,before,MSP1,217.85
SUBJ0124,during,AMA1,141.38
SUBJ0124,during,CSP,418.25
SUBJ0124,during,EBA175,2289.3
SUBJ0124,during,GLURP,93.05
SUBJ0124,during,MSP1,68.89
SUBJ0125,before,AMA1,33.19
SUBJ0125,before,CSP,163.99
SUBJ0125,before,EBA175,521.41
SUBJ0125,before,GLURP,53.35
SUBJ0125,before,MSP1,38.36
SUBJ0125,during,AMA1,222.12
SUBJ0125,during,CSP,42.23
SUBJ0125,during,EBA175,248.93
SUBJ0125,during,GLURP,288.34
SUBJ0125,during,MSP1,326.96
SUBJ0126,before,AMA1,2987.8
SUBJ0126,before,CSP,322.84
SUBJ0126,before,EBA175,1350.14
SUBJ0126,before,GLURP,198.75
SUBJ0126,before,MSP1,1567.67
SUBJ0126,during,AMA1,1211.58
SUBJ0126,during,CSP,474.34
SUBJ0126,during,EBA175,2325.53
SUBJ0126,during,GLURP,529.94
SUBJ0126,during,MSP1,1678.79
SUBJ0127,before,AMA1,4278.36
SUBJ0127,before,CSP,3063.68
SUBJ0127,before,EBA175,6280.95
SUBJ0127,before,GLURP,975.55
SUBJ0127,before,MSP1,598.51
SUBJ0127,during,AMA1,977.13
SUBJ0127,during,CSP,26742.22
SUBJ0127,during,EBA175,1320.09
SUBJ0127,during,GLURP,3764.65
SUBJ0127,during,MSP1,1360.49
SUBJ0128,during,AMA1,2330.26
SUBJ0128,during,CSP,4230.73
SUBJ0128,during,EBA175,2277.01
SUBJ0128,during,GLURP,3565.23
SUBJ0128,during,MSP1,1846.66
SUBJ0129,before,AMA1,4480.17
SUBJ0129,before,CSP,2919.89
SUBJ0129,before,EBA175,1413.1
SUBJ0129,before,GLURP,6657.53
SUBJ0129,before,MSP1,1109.85
SUBJ0129,during,AMA1,5946.25
SUBJ0129,during,CSP,3491.16
SUBJ0129,during,EBA175,1746.2
SUBJ0129,during,GLURP,438.25
SUBJ0129,during,MSP1,3054.18
SUBJ0130,before,AMA1,738.57
SUBJ0130,before,CSP,1494.05
SUBJ0130,before,EBA175,5767.57
SUBJ0130,before,GLURP,682.14
SUBJ0130,before,MSP1,632.82
SUBJ0130,during,AMA1,9090.74
SUBJ0130,during,CSP,314.51
SUBJ0130,during,EBA175,6350.9
SUBJ0130,during,GLURP,251.3
SUBJ0130,during,MSP1,1203.89
SUBJ0131,before,AMA1,1466.29
SUBJ0131,before,CSP,1138.47
SUBJ0131,before,EBA175,593.03
SUBJ0131,before,GLURP,222
SUBJ0131,before,MSP1,1717.11
SUBJ0131,during,AMA1,205.5
SUBJ0131,during,CSP,689.12
SUBJ0131,during,EBA175,321.14
SUBJ0131,during,GLURP,87.2
SUBJ0131,during,MSP1,1181.53
SUBJ0132,before,AMA1,17378.37
SUBJ0132,before,CSP,584.99
SUBJ0132,before,EBA175,8102.87
SUBJ0132,before,GLURP,1406.49
SUBJ0132,before,MSP1,5870.33
SUBJ0132,during,AMA1,741.12
SUBJ0132,during,CSP,1926.66
SUBJ0132,during,EBA175,3138.5
SUBJ0132,during,GLURP,763.98
SUBJ0132,during,MSP1,1056.93
SUBJ0133,before,AMA1,1652.43
SUBJ0133,before,CSP,9903.17
SUBJ0133,before,EBA175,26402.64
SUBJ0133,before,GLURP,173.07
SUBJ0133,before,MSP1,2627.71
SUBJ0133,during,AMA1,13992.88
SUBJ0133,during,CSP,4116.43
SUBJ0133,during,EBA175,3014.67
SUBJ0133,during,GLURP,1404.4
SUBJ0133,during,MSP1,773.05
SUBJ0134,before,AMA1,646.02
SUBJ0134,before,CSP,2185.01
SUBJ0134,before,EBA175,6631.34
SUBJ0134,before,GLURP,1032.28
SUBJ0134,before,MSP1,5295.62
SUBJ0134,during,AMA1,600.76
SUBJ0134,during,CSP,8550.52
SUBJ0134,during,EBA175,9165.55
SUBJ0134,during,GLURP,1616.99
SUBJ0134,during,MSP1,3165.66
SUBJ0135,before,AMA1,754.19
SUBJ0135,before,CSP,2135.79
SUBJ0135,before,EBA175,7926.04
SUBJ0135,before,GLURP,954.54
SUBJ0135,before,MSP1,5249.83
SUBJ0135,during,AMA1,1409.66
SUBJ0135,during,CSP,1175.09
SUBJ0135,during,EBA175,4426.61
SUBJ0135,during,GLURP,516.74
SUBJ0135,during,MSP1,3550.97
SUBJ0136,before,AMA1,6239.69
SUBJ0136,before,CSP,2642.29
SUBJ0136,before,EBA175,4753.91
SUBJ0136,before,GLURP,1381.66
SUBJ0136,before,MSP1,2857.05
SUBJ0136,during,AMA1,3794
SUBJ0136,during,CSP,2718.29
SUBJ0136,during,EBA175,8246.82
SUBJ0136,during,GLURP,800.26
SUBJ0136,during,MSP1,695.5
SUBJ0137,before,AMA1,4158.19
SUBJ0137,before,CSP,1104.72
SUBJ0137,before,EBA175,4037.81
SUBJ0137,before,GLURP,1643.47
SUBJ0137,before,MSP1,2124.1
SUBJ0137,during,AMA1,337.77
SUBJ0137,during,CSP,1022.48
SUBJ0137,during,EBA175,1605.58
SUBJ0137,during,GLURP,244.04
SUBJ0137,during,MSP1,2740.99
SUBJ0138,before,AMA1,357.84
SUBJ0138,before,CSP,1000.77
SUBJ0138,before,EBA175,1486.31
SUBJ0138,before,GLURP,2760.34
SUBJ0138,before,MSP1,970.45
SUBJ0138,during,AMA1,5372.64
SUBJ0138,during,CSP,1240.61
SUBJ0138,during,EBA175,1912.08
SUBJ0138,during,GLURP,1403.75
SUBJ0138,during,MSP1,509.55
SUBJ0139,before,AMA1,979.04
SUBJ0139,before,CSP,1610
SUBJ0139,before,EBA175,4111.97
SUBJ0139,before,GLURP,2535.38
SUBJ0139,before,MSP1,1760.84
SUBJ0139,during,AMA1,5014.33
SUBJ0139,during,CSP,1460.54
SUBJ0139,during,EBA175,1578.68
SUBJ0139,during,GLURP,1679.91
SUBJ0139,during,MSP1,5653.57
SUBJ0140,before,AMA1,2320.43
SUBJ0140,before,CSP,3149.25
SUBJ0140,before,EBA175,32839.05
SUBJ0140,before,GLURP,2425.76
SUBJ0140,before,MSP1,1025.08
SUBJ0140,during,AMA1,1508.61
SUBJ0140,during,CSP,1644.03
SUBJ0140,during,EBA175,15115.47
SUBJ0140,during,GLURP,795.5
SUBJ0140,during,MSP1,1870.23
SUBJ0141,before,AMA1,6271.32
SUBJ0141,before,CSP,1150.52
SUBJ0141,before,EBA175,14083.87
SUBJ0141,before,GLURP,2599.44
SUBJ0141,before,MSP1,4530.94
SUBJ0141,during,AMA1,5635.03
SUBJ0141,during,CSP,2989.01
SUBJ0141,during,EBA175,2169.35
SUBJ0141,during,GLURP,3224.32
SUBJ0141,during,MSP1,10448.17
SUBJ0142,before,AMA1,2252.85
SUBJ0142,before,CSP,1957.08
SUBJ0142,before,EBA175,2854.38
SUBJ0142,before,GLURP,885.54
SUBJ0142,before,MSP1,1316.03
SUBJ0142,during,AMA1,2299.91
SUBJ0142,during,CSP,759.18
SUBJ0142,during,EBA175,2137.18
SUBJ0142,during,GLURP,331.21
SUBJ0142,during,MSP1,1470.29
SUBJ0143,before,AMA1,1614.97
SUBJ0143,before,CSP,2763.76
SUBJ0143,before,EBA175,568.67
SUBJ0143,before,GLURP,1087.51
SUBJ0143,before,MSP1,494.87
SUBJ0143,during,AMA1,460.55
SUBJ0143,during,CSP,205.14
SUBJ0143,during,EBA175,544.58
SUBJ0143,during,GLURP,96.99
SUBJ0143,during,MSP1,3353.03
SUBJ0144,before,AMA1,5356.47
SUBJ0144,before,CSP,1087.11
SUBJ0144,before,EBA175,9953.87
SUBJ0144,before,GLURP,447.19
SUBJ0144,before,MSP1,8163.57
SUBJ0144,during,AMA1,2310.08
SUBJ0144,during,CSP,2473.08
SUBJ0144,during,EBA175,3277.61
SUBJ0144,during,GLURP,4338.02
SUBJ0144,during,MSP1,3466.51
SUBJ0145,before,AMA1,330.05
SUBJ0145,before,CSP,795.28
SUBJ0145,before,EBA175,973.6
SUBJ0145,before,GLURP,356.55
SUBJ0145,before,MSP1,112.75
SUBJ0145,during,AMA1,99.21
SUBJ0145,during,CSP,707.9
SUBJ0145,during,EBA175,263.65
SUBJ0145,during,GLURP,307.08
SUBJ0145,during,MSP1,567.11
SUBJ0146,before,AMA1,252.76
SUBJ0146,before,CSP,261.26
SUBJ0146,before,EBA175,1256.55
SUBJ0146,before,GLURP,567.12
SUBJ0146,before,MSP1,221.17
SUBJ0146,during,AMA1,734.9
SUBJ0146,during,CSP,2158.38
SUBJ0146,during,EBA175,99.56
SUBJ0146,during,GLURP,125.63
SUBJ0146,during,MSP1,620.01
SUBJ0147,before,AMA1,2053.71
SUBJ0147,before,CSP,637.44
SUBJ0147,before,EBA175,2159.85
SUBJ0147,before,GLURP,216.96
SUBJ0147,before,MSP1,1492.18
SUBJ0147,during,AMA1,2832.81
SUBJ0147,during,CSP,8002.37
SUBJ0147,during,EBA175,918.75
SUBJ0147,during,GLURP,919.21
SUBJ0147,during,MSP1,808.6
SUBJ0148,before,AMA1,4561.3
SUBJ0148,before,CSP,2693.49
SUBJ0148,before,EBA175,10459.36
SUBJ0148,before,GLURP,7727.04
SUBJ0148,before,MSP1,1525.84
SUBJ0148,during,AMA1,5976.79
SUBJ0148,during,CSP,7964.15
SUBJ0148,during,EBA175,3509.74
SUBJ0148,during,GLURP,753.7
SUBJ0148,during,MSP1,1331.91
SUBJ0149,before,AMA1,333.38
SUBJ0149,before,CSP,1079.9
SUBJ0149,before,EBA175,457.82
SUBJ0149,before,GLURP,743.87
SUBJ0149,before,MSP1,484.65
SUBJ0149,during,AMA1,2321.21
SUBJ0149,during,CSP,192.81
SUBJ0149,during,EBA175,322.95
SUBJ0149,during,GLURP,382.93
SUBJ0149,during,MSP1,820.3
SUBJ0150,before,AMA1,144.33
SUBJ0150,before,CSP,475.11
SUBJ0150,before,EBA175,882.9
SUBJ0150,before,GLURP,1393.82
SUBJ0150,before,MSP1,534.91
SUBJ0150,during,AMA1,703.06
SUBJ0150,during,CSP,158.09
SUBJ0150,during,EBA175,365.5
SUBJ0150,during,GLURP,121.86
SUBJ0150,during,MSP1,684.77
SUBJ0151,before,AMA1,1383.13
SUBJ0151,before,CSP,566.31
SUBJ0151,before,EBA175,1700.04
SUBJ0151,before,GLURP,232.9
SUBJ0151,before,MSP1,196.28
SUBJ0151,during,AMA1,728.1
SUBJ0151,during,CSP,263.97
SUBJ0151,during,EBA175,1113.3
SUBJ0151,during,GLURP,70.21
SUBJ0151,during,MSP1,310.1
SUBJ0152,before,AMA1,191.86
SUBJ0152,before,CSP,506.42
SUBJ0152,before,EBA175,1560.64
SUBJ0152,before,GLURP,395.87
SUBJ0152,before,MSP1,407.93
SUBJ0152,during,AMA1,1366.82
SUBJ0152,during,CSP,566.08
SUBJ0152,during,EBA175,2069.1
SUBJ0152,during,GLURP,301.32
SUBJ0152,during,MSP1,33.95
SUBJ0153,during,AMA1,2169.08
SUBJ0153,during,CSP,4968.03
SUBJ0153,during,EBA175,346.14
SUBJ0153,during,GLURP,2479.48
SUBJ0153,during,MSP1,2198.56
SUBJ0154,before,AMA1,217.64
SUBJ0154,before,CSP,89.51
SUBJ0154,before,EBA175,83.59
SUBJ0154,before,GLURP,19.26
SUBJ0154,before,MSP1,22.73
SUBJ0154,during,AMA1,405.15
SUBJ0154,during,CSP,128.23
SUBJ0154,during,EBA175,757.41
SUBJ0154,during,GLURP,225.31
SUBJ0154,during,MSP1,191.18
SUBJ0155,before,AMA1,1632.58
SUBJ0155,before,CSP,2644.53
SUBJ0155,before,EBA175,3164.96
SUBJ0155,before,GLURP,838.23
SUBJ0155,before,MSP1,1231.03
SUBJ0155,during,AMA1,2277.4
SUBJ0155,during,CSP,7904.87
SUBJ0155,during,EBA175,16810.69
SUBJ0155,during,GLURP,1626.88
SUBJ0155,during,MSP1,5399.29
SUBJ0156,before,AMA1,915.66
SUBJ0156,before,CSP,1393.86
SUBJ0156,before,EBA175,4570.18
SUBJ0156,before,GLURP,482.08
SUBJ0156,before,MSP1,3282.97
SUBJ0156,during,AMA1,3613.46
SUBJ0156,during,CSP,2545.29
SUBJ0156,during,EBA175,1748.46
SUBJ0156,during,GLURP,932.51
SUBJ0156,during,MSP1,802.7
SUBJ0157,before,AMA1,227.69
SUBJ0157,before,CSP,49.3
SUBJ0157,before,EBA175,1219.98
SUBJ0157,before,GLURP,29.87
SUBJ0157,before,MSP1,219.28
SUBJ0157,during,AMA1,146.95
SUBJ0157,during,CSP,187.39
SUBJ0157,during,EBA175,235.14
SUBJ0157,during,GLURP,210.72
SUBJ0157,during,MSP1,797.68
SUBJ0158,before,AMA1,1538.92
SUBJ0158,before,CSP,2973.57
SUBJ0158,before,EBA175,5279.57
SUBJ0158,before,GLURP,9561.1
SUBJ0158,before,MSP1,4261.48
SUBJ0158,during,AMA1,1731.35
SUBJ0158,during,CSP,6970.89
SUBJ0158,during,EBA175,9397.37
SUBJ0158,during,GLURP,9605.26
SUBJ0158,during,MSP1,3190.61
SUBJ0159,before,AMA1,42.07
SUBJ0159,before,CSP,113.86
SUBJ0159,before,EBA175,25.32
SUBJ0159,before,GLURP,48.82
SUBJ0159,before,MSP1,24.33
SUBJ0159,during,AMA1,51.29
SUBJ0159,during,CSP,13.9
SUBJ0159,during,EBA175,268.65
SUBJ0159,during,GLURP,34.64
SUBJ0159,during,MSP1,157.9
SUBJ0160,before,AMA1,47.79
SUBJ0160,before,CSP,194.02
SUBJ0160,before,EBA175,1517.03
SUBJ0160,before,GLURP,141.74
SUBJ0160,before,MSP1,135.41
SUBJ0160,during,AMA1,85.54
SUBJ0160,during,CSP,1138.59
SUBJ0160,during,EBA175,213.32
SUBJ0160,during,GLURP,350.21
SUBJ0160,during,MSP1,829.06
SUBJ0161,before,AMA1,1383.34
SUBJ0161,before,CSP,789.74
SUBJ0161,before,EBA175,3280.34
SUBJ0161,before,GLURP,222.03
SUBJ0161,before,MSP1,773.86
SUBJ0161,during,AMA1,1156.62
SUBJ0161,during,CSP,768.09
SUBJ0161,during,EBA175,2991.21
SUBJ0161,during,GLURP,345.12
SUBJ0161,during,MSP1,623.95
SUBJ0162,before,AMA1,140.57
SUBJ0162,before,CSP,222.88
SUBJ0162,before,EBA175,1171.25
SUBJ0162,before,GLURP,49.53
SUBJ0162,before,MSP1,325.41
SUBJ0162,during,AMA1,1201.27
SUBJ0162,during,CSP,590.76
SUBJ0162,during,EBA175,697.44
SUBJ0162,during,GLURP,809.49
SUBJ0162,during,MSP1,104.3
SUBJ0163,before,AMA1,680.71
SUBJ0163,before,CSP,134.34
SUBJ0163,before,EBA175,99.27
SUBJ0163,before,GLURP,150.61
SUBJ0163,before,MSP1,331.54
SUBJ0163,during,AMA1,312.83
SUBJ0163,during,CSP,182.15
SUBJ0163,during,EBA175,595.6
SUBJ0163,during,GLURP,391.77
SUBJ0163,during,MSP1,56.28
SUBJ0164,before,AMA1,2195.12
SUBJ0164,before,CSP,411.33
SUBJ0164,before,EBA175,835.63
SUBJ0164,before,GLURP,667.63
SUBJ0164,before,MSP1,986.61
SUBJ0164,during,AMA1,1835.62
SUBJ0164,during,CSP,1545.36
SUBJ0164,during,EBA175,545.83
SUBJ0164,during,GLURP,160.8
SUBJ0164,during,MSP1,504.61
SUBJ0165,before,AMA1,123.54
SUBJ0165,before,CSP,533.26
SUBJ0165,before,EBA175,881.9
SUBJ0165,before,GLURP,1541.66
SUBJ0165,before,MSP1,1321.43
SUBJ0165,during,AMA1,208.36
SUBJ0165,during,CSP,1491.88
SUBJ0165,during,EBA175,1238.52
SUBJ0165,during,GLURP,117.44
SUBJ0165,during,MSP1,1813.53
SUBJ0166,before,AMA1,133.46
SUBJ0166,before,CSP,171.66
SUBJ0166,before,EBA175,1235.45
SUBJ0166,before,GLURP,410.94
SUBJ0166,before,MSP1,1533.21
SUBJ0166,during,AMA1,186.79
SUBJ0166,during,CSP,231.43
SUBJ0166,during,EBA175,404.13
SUBJ0166,during,GLURP,177.47
SUBJ0166,during,MSP1,1122.26
SUBJ0167,before,AMA1,2733.92
SUBJ0167,before,CSP,2366.44
SUBJ0167,before,EBA175,4877.3
SUBJ0167,before,GLURP,559.02
SUBJ0167,before,MSP1,1759.05
SUBJ0167,during,AMA1,4558.17
SUBJ0167,during,CSP,7957.59
SUBJ0167,during,EBA175,9065.12
SUBJ0167,during,GLURP,511.4
SUBJ0167,during,MSP1,395.99
SUBJ0168,before,AMA1,128.95
SUBJ0168,before,CSP,224.39
SUBJ0168,before,EBA175,1937.61
SUBJ0168,before,GLURP,52.09
SUBJ0168,before,MSP1,317.09
SUBJ0168,during,AMA1,150.25
SUBJ0168,during,CSP,112.81
SUBJ0168,during,EBA175,159.82
SUBJ0168,during,GLURP,320.05
SUBJ0168,during,MSP1,231.8
SUBJ0169,before,AMA1,9397.23
SUBJ0169,before,CSP,2230.89
SUBJ0169,before,EBA175,18727.18
SUBJ0169,before,GLURP,1147.8
SUBJ0169,before,MSP1,5322.99
SUBJ0169,during,AMA1,3963.91
SUBJ0169,during,CSP,7180.61
SUBJ0169,during,EBA175,1944
SUBJ0169,during,GLURP,16208.51
SUBJ0169,during,MSP1,3598.02
SUBJ0170,before,AMA1,838.6
SUBJ0170,before,CSP,1290.51
SUBJ0170,before,EBA175,3868.56
SUBJ0170,before,GLURP,692.49
SUBJ0170,before,MSP1,1066.69
SUBJ0170,during,AMA1,2509.77
SUBJ0170,during,CSP,927.98
SUBJ0170,during,EBA175,630.66
SUBJ0170,during,GLURP,328.42
SUBJ0170,during,MSP1,1150.51
SUBJ0171,before,AMA1,531.47
SUBJ0171,before,CSP,100.36
SUBJ0171,before,EBA175,55.03
SUBJ0171,before,GLURP,209.82
SUBJ0171,before,MSP1,153.2
SUBJ0171,during,AMA1,621.43
SUBJ0171,during,CSP,1944.3
SUBJ0171,during,EBA175,327.45
SUBJ0171,during,GLURP,452.49
SUBJ0171,during,MSP1,503.69
SUBJ0172,before,AMA1,4851.27
SUBJ0172,before,CSP,969.49
SUBJ0172,before,EBA175,9725.66
SUBJ0172,before,GLURP,5330.3
SUBJ0172,before,MSP1,8819.11
SUBJ0172,during,AMA1,7372.75
SUBJ0172,during,CSP,2846.15
SUBJ0172,during,EBA175,1881.34
SUBJ0172,during,GLURP,1304.25
SUBJ0172,during,MSP1,1384.37
SUBJ0173,before,AMA1,5041.68
SUBJ0173,before,CSP,720.32
SUBJ0173,before,EBA175,300.64
SUBJ0173,before,GLURP,522.74
SUBJ0173,before,MSP1,379.26
SUBJ0173,during,AMA1,3905.62
SUBJ0173,during,CSP,703.81
SUBJ0173,during,EBA175,412.2
SUBJ0173,during,GLURP,545.21
SUBJ0173,during,MSP1,627.08
SUBJ0174,before,AMA1,1369.44
SUBJ0174,before,CSP,2044.57
SUBJ0174,before,EBA175,2230.72
SUBJ0174,before,GLURP,536.84
SUBJ0174,before,MSP1,726.93
SUBJ0174,during,AMA1,464.04
SUBJ0174,during,CSP,1131.88
SUBJ0174,during,EBA175,520.02
SUBJ0174,during,GLURP,817.77
SUBJ0174,during,MSP1,3610.72
SUBJ0175,before,AMA1,4631.64
SUBJ0175,before,CSP,1972.96
SUBJ0175,before,EBA175,15971.72
SUBJ0175,before,GLURP,6465.53
SUBJ0175,before,MSP1,1392.98
SUBJ0175,during,AMA1,1864.58
SUBJ0175,during,CSP,5217.09
SUBJ0175,during,EBA175,6171.11
SUBJ0175,during,GLURP,541.56
SUBJ0175,during,MSP1,16539.83
SUBJ0176,before,AMA1,10039.14
SUBJ0176,before,CSP,11815.09
SUBJ0176,before,EBA175,4253.17
SUBJ0176,before,GLURP,2114.48
SUBJ0176,before,MSP1,17368.56
SUBJ0176,during,AMA1,4601.19
SUBJ0176,during,CSP,2796.52
SUBJ0176,during,EBA175,16988.79
SUBJ0176,during,GLURP,723.78
SUBJ0176,during,MSP1,2076.53
SUBJ0177,before,AMA1,815.74
SUBJ0177,before,CSP,255.55
SUBJ0177,before,EBA175,179.05
SUBJ0177,before,GLURP,92.34
SUBJ0177,before,MSP1,353.17
SUBJ0178,before,AMA1,2912.97
SUBJ0178,before,CSP,995.1
SUBJ0178,before,EBA175,10148.28
SUBJ0178,before,GLURP,15316.85
SUBJ0178,before,MSP1,1907.88
SUBJ0178,during,AMA1,1221.4
SUBJ0178,during,CSP,2459.54
SUBJ0178,during,EBA175,12123.5
SUBJ0178,during,GLURP,316.79
SUBJ0178,during,MSP1,150.18
SUBJ0179,before,AMA1,150.28
SUBJ0179,before,CSP,61.39
SUBJ0179,before,EBA175,1174.35
SUBJ0179,before,GLURP,196.44
SUBJ0179,before,MSP1,641.66
SUBJ0179,during,AMA1,4798.8
SUBJ0179,during,CSP,207.81
SUBJ0179,during,EBA175,754.32
SUBJ0179,during,GLURP,320.56
SUBJ0179,during,MSP1,110.56
SUBJ0180,before,AMA1,1281.25
SUBJ0180,before,CSP,236.05
SUBJ0180,before,EBA175,1084.64
SUBJ0180,before,GLURP,65.73
SUBJ0180,before,MSP1,931.88
SUBJ0180,during,AMA1,268.66
SUBJ0180,during,CSP,314.66
SUBJ0180,during,EBA175,622.7
SUBJ0180,during,GLURP,583.93
SUBJ0180,during,MSP1,175.72
SUBJ0181,before,AMA1,184.36
SUBJ0181,before,CSP,1141.6
SUBJ0181,before,EBA175,1860.48
SUBJ0181,before,GLURP,133.9
SUBJ0181,before,MSP1,316.6
SUBJ0181,during,AMA1,8935.36
SUBJ0181,during,CSP,219.57
SUBJ0181,during,EBA175,1612.9
SUBJ0181,during,GLURP,418.48
SUBJ0181,during,MSP1,2069.69
SUBJ0182,before,AMA1,3445.91
SUBJ0182,before,CSP,371.76
SUBJ0182,before,EBA175,5151.86
SUBJ0182,before,GLURP,365.19
SUBJ0182,before,MSP1,3084.68
SUBJ0182,during,AMA1,31790.97
SUBJ0182,during,CSP,2672.82
SUBJ0182,during,EBA175,5393.8
SUBJ0182,during,GLURP,2662.61
SUBJ0182,during,MSP1,1352.63
SUBJ0183,before,AMA1,4991.11
SUBJ0183,before,CSP,598.19
SUBJ0183,before,EBA175,11261.16
SUBJ0183,before,GLURP,1437.89
SUBJ0183,before,MSP1,4614.86
SUBJ0183,during,AMA1,3055.79
SUBJ0183,during,CSP,986.5
SUBJ0183,during,EBA175,3243.54
SUBJ0183,during,GLURP,1365.34
SUBJ0183,during,MSP1,555.51
SUBJ0184,before,AMA1,1502.92
SUBJ0184,before,CSP,1520.03
SUBJ0184,before,EBA175,3272.74
SUBJ0184,before,GLURP,428.07
SUBJ0184,before,MSP1,3579.36
SUBJ0184,during,AMA1,3789.66
SUBJ0184,during,CSP,2959.52
SUBJ0184,during,EBA175,2158.88
SUBJ0184,during,GLURP,1390.71
SUBJ0184,during,MSP1,2452.72
SUBJ0185,before,AMA1,3118.94
SUBJ0185,before,CSP,4675.02
SUBJ0185,before,EBA175,533.68
SUBJ0185,before,GLURP,174.97
SUBJ0185,before,MSP1,1744.51
SUBJ0185,during,AMA1,1645.43
SUBJ0185,during,CSP,345.18
SUBJ0185,during,EBA175,732.53
SUBJ0185,during,GLURP,718.59
SUBJ0185,during,MSP1,342.93
SUBJ0186,before,AMA1,3213.44
SUBJ0186,before,CSP,1794.2
SUBJ0186,before,EBA175,1327.18
SUBJ0186,before,GLURP,2317.33
SUBJ0186,before,MSP1,3937.91
SUBJ0186,during,AMA1,2028.88
SUBJ0186,during,CSP,8368.81
SUBJ0186,during,EBA175,1713.8
SUBJ0186,during,GLURP,580.95
SUBJ0186,during,MSP1,3638.75
SUBJ0187,before,AMA1,1008.7
SUBJ0187,before,CSP,694.59
SUBJ0187,before,EBA175,2261.36
SUBJ0187,before,GLURP,11990.04
SUBJ0187,before,MSP1,860.65
SUBJ0187,during,AMA1,2612.87
SUBJ0187,during,CSP,1229.89
SUBJ0187,during,EBA175,1128.08
SUBJ0187,during,GLURP,986.91
SUBJ0187,during,MSP1,2797.88
SUBJ0188,before,AMA1,12450.18
SUBJ0188,before,CSP,8574.38
SUBJ0188,before,EBA175,3498.18
SUBJ0188,before,GLURP,1121.05
SUBJ0188,before,MSP1,2441.49
SUBJ0188,during,AMA1,1910.32
SUBJ0188,during,CSP,573.76
SUBJ0188,during,EBA175,10336.37
SUBJ0188,during,GLURP,401.15
SUBJ0188,during,MSP1,429.84
SUBJ0189,before,AMA1,119.35
SUBJ0189,before,CSP,724.52
SUBJ0189,before,EBA175,230.21
SUBJ0189,before,GLURP,215.25
SUBJ0189,before,MSP1,270.46
SUBJ0189,during,AMA1,402.65
SUBJ0189,during,CSP,134.06
SUBJ0189,during,EBA175,855.73
SUBJ0189,during,GLURP,212.56
SUBJ0189,during,MSP1,84.61
SUBJ0190,before,AMA1,132.93
SUBJ0190,before,CSP,359.23
SUBJ0190,before,EBA175,3083.67
SUBJ0190,before,GLURP,114.01
SUBJ0190,before,MSP1,134.14
SUBJ0190,during,AMA1,626.99
SUBJ0190,during,CSP,143.35
SUBJ0190,during,EBA175,470.7
SUBJ0190,during,GLURP,154.66
SUBJ0190,during,MSP1,225.02
SUBJ0191,before,AMA1,945.78
SUBJ0191,before,CSP,523.78
SUBJ0191,before,EBA175,1699.54
SUBJ0191,before,GLURP,286.66
SUBJ0191,before,MSP1,1213.97
SUBJ0191,during,AMA1,842.82
SUBJ0191,during,CSP,680.46
SUBJ0191,during,EBA175,4736.76
SUBJ0191,during,GLURP,730.81
SUBJ0191,during,MSP1,227.24
SUBJ0192,before,AMA1,973.78
SUBJ0192,before,CSP,788.62
SUBJ0192,before,EBA175,3498.27
SUBJ0192,before,GLURP,534.02
SUBJ0192,before,MSP1,6721.43
SUBJ0192,during,AMA1,4419.56
SUBJ0192,during,CSP,2961.66
SUBJ0192,during,EBA175,5867.56
SUBJ0192,during,GLURP,1236.28
SUBJ0192,during,MSP1,584.66
SUBJ0193,before,AMA1,3418.22
SUBJ0193,before,CSP,380.71
SUBJ0193,before,EBA175,4376.32
SUBJ0193,before,GLURP,693.17
SUBJ0193,before,MSP1,4531.65
SUBJ0193,during,AMA1,3713.31
SUBJ0193,during,CSP,847.35
SUBJ0193,during,EBA175,2803.86
SUBJ0193,during,GLURP,1273.09
SUBJ0193,during,MSP1,1439.07
SUBJ0194,before,AMA1,10791.47
SUBJ0194,before,CSP,2635.74
SUBJ0194,before,EBA175,4817.75
SUBJ0194,before,GLURP,1142.42
SUBJ0194,before,MSP1,2079.39
SUBJ0194,during,AMA1,1612.6
SUBJ0194,during,CSP,1977.55
SUBJ0194,during,EBA175,10666.15
SUBJ0194,during,GLURP,4063.07
SUBJ0194,during,MSP1,1121.77
SUBJ0195,before,AMA1,1661.19
SUBJ0195,before,CSP,425.79
SUBJ0195,before,EBA175,687.57
SUBJ0195,before,GLURP,1611.93
SUBJ0195,before,MSP1,1688.21
SUBJ0195,during,AMA1,1323.32
SUBJ0195,during,CSP,1988.96
SUBJ0195,during,EBA175,5986.37
SUBJ0195,during,GLURP,2873.47
SUBJ0195,during,MSP1,7047.19
SUBJ0196,before,AMA1,1692
SUBJ0196,before,CSP,7779.82
SUBJ0196,before,EBA175,2601
SUBJ0196,before,GLURP,2366.68
SUBJ0196,before,MSP1,11943.63
SUBJ0196,during,AMA1,5654.03
SUBJ0196,during,CSP,997.58
SUBJ0196,during,EBA175,1512.9
SUBJ0196,during,GLURP,859.61
SUBJ0196,during,MSP1,1346.2
SUBJ0197,before,AMA1,22.47
SUBJ0197,before,CSP,67.32
SUBJ0197,before,EBA175,124.06
SUBJ0197,before,GLURP,51.75
SUBJ0197,before,MSP1,168.38
SUBJ0198,before,AMA1,806.01
SUBJ0198,before,CSP,87.61
SUBJ0198,before,EBA175,2126.92
SUBJ0198,before,GLURP,76.92
SUBJ0198,before,MSP1,2213
SUBJ0198,during,AMA1,903.29
SUBJ0198,during,CSP,1118.94
SUBJ0198,during,EBA175,2832.21
SUBJ0198,during,GLURP,152.1
SUBJ0198,during,MSP1,1255.35
SUBJ0199,before,AMA1,198.17
SUBJ0199,before,CSP,2084.51
SUBJ0199,before,EBA175,867.11
SUBJ0199,before,GLURP,192.57
SUBJ0199,before,MSP1,641.37
SUBJ0199,during,AMA1,419.96
SUBJ0199,during,CSP,645.08
SUBJ0199,during,EBA175,3596.65
SUBJ0199,during,GLURP,229.01
SUBJ0199,during,MSP1,355.48
SUBJ0200,before,AMA1,1533.29
SUBJ0200,before,CSP,2975.17
SUBJ0200,before,EBA175,10260.09
SUBJ0200,before,GLURP,1490.17
SUBJ0200,before,MSP1,4977.69
SUBJ0200,during,AMA1,6880.9
SUBJ0200,during,CSP,574.78
SUBJ0200,during,EBA175,1672.2
SUBJ0200,during,GLURP,1868.13
SUBJ0200,during,MSP1,6788.88
SUBJ0201,before,AMA1,417.4
SUBJ0201,before,CSP,1768.53
SUBJ0201,before,EBA175,9729.24
SUBJ0201,before,GLURP,827.15
SUBJ0201,before,MSP1,2770.08
SUBJ0201,during,AMA1,676.67
SUBJ0201,during,CSP,331.35
SUBJ0201,during,EBA175,1659.72
SUBJ0201,during,GLURP,157.89
SUBJ0201,during,MSP1,1909.29
SUBJ0202,during,AMA1,8903.34
SUBJ0202,during,CSP,2815.09
SUBJ0202,during,EBA175,15711.38
SUBJ0202,during,GLURP,1993.26
SUBJ0202,during,MSP1,1357.3
SUBJ0203,before,AMA1,1978.13
SUBJ0203,before,CSP,8027.76
SUBJ0203,before,EBA175,10812.36
SUBJ0203,before,GLURP,826.11
SUBJ0203,before,MSP1,8289.48
SUBJ0203,during,AMA1,4306.03
SUBJ0203,during,CSP,2707.05
SUBJ0203,during,EBA175,1230.29
SUBJ0203,during,GLURP,1065.35
SUBJ0203,during,MSP1,4152.22
SUBJ0204,before,AMA1,427.35
SUBJ0204,before,CSP,272.89
SUBJ0204,before,EBA175,257.01
SUBJ0204,before,GLURP,379.43
SUBJ0204,before,MSP1,663.14
SUBJ0204,during,AMA1,55.8
SUBJ0204,during,CSP,72.65
SUBJ0204,during,EBA175,249.76
SUBJ0204,during,GLURP,17.2
SUBJ0204,during,MSP1,166.69
SUBJ0205,before,AMA1,5296.17
SUBJ0205,before,CSP,2729.23
SUBJ0205,before,EBA175,386.89
SUBJ0205,before,GLURP,561.89
SUBJ0205,before,MSP1,1152.48
SUBJ0205,during,AMA1,2225.92
SUBJ0205,during,CSP,2172.67
SUBJ0205,during,EBA175,2839.71
SUBJ0205,during,GLURP,918.19
SUBJ0205,during,MSP1,4361.73
SUBJ0206,before,AMA1,203.57
SUBJ0206,before,CSP,1247.44
SUBJ0206,before,EBA175,383.7
SUBJ0206,before,GLURP,783.2
SUBJ0206,before,MSP1,616.85
SUBJ0206,during,AMA1,1327.19
SUBJ0206,during,CSP,179.79
SUBJ0206,during,EBA175,306.34
SUBJ0206,during,GLURP,316.4
SUBJ0206,during,MSP1,268.44
SUBJ0207,before,AMA1,312.46
SUBJ0207,before,CSP,591.79
SUBJ0207,before,EBA175,1998.1
SUBJ0207,before,GLURP,684.82
SUBJ0207,before,MSP1,831.61
SUBJ0207,during,AMA1,394.57
SUBJ0207,during,CSP,176.99
SUBJ0207,during,EBA175,3447.04
SUBJ0207,during,GLURP,464.5
SUBJ0207,during,MSP1,474.67
SUBJ0208,before,AMA1,2822.44
SUBJ0208,before,CSP,6571.2
SUBJ0208,before,EBA175,2203.63
SUBJ0208,before,GLURP,1261.79
SUBJ0208,before,MSP1,5981.97
SUBJ0208,during,AMA1,11568.53
SUBJ0208,during,CSP,1208.35
SUBJ0208,during,EBA175,2407.02
SUBJ0208,during,GLURP,2606.16
SUBJ0208,during,MSP1,5161.44
SUBJ0209,before,AMA1,1392.97
SUBJ0209,before,CSP,419.41
SUBJ0209,before,EBA175,1219.87
SUBJ0209,before,GLURP,277.13
SUBJ0209,before,MSP1,2685.05
SUBJ0209,during,AMA1,284.86
SUBJ0209,during,CSP,2191.7
SUBJ0209,during,EBA175,2463.62
SUBJ0209,during,GLURP,559.48
SUBJ0209,during,MSP1,267.13
SUBJ0210,before,AMA1,295.08
SUBJ0210,before,CSP,676.07
SUBJ0210,before,EBA175,454.29
SUBJ0210,before,GLURP,188.65
SUBJ0210,before,MSP1,100.58
SUBJ0210,during,AMA1,197.41
SUBJ0210,during,CSP,663
SUBJ0210,during,EBA175,799.04
SUBJ0210,during,GLURP,421.72
SUBJ0210,during,MSP1,900.38
SUBJ0211,before,AMA1,845.97
SUBJ0211,before,CSP,1569.3
SUBJ0211,before,EBA175,2617.87
SUBJ0211,before,GLURP,797.61
SUBJ0211,before,MSP1,2129.6
SUBJ0211,during,AMA1,1589.99
SUBJ0211,during,CSP,1245.59
SUBJ0211,during,EBA175,5741.36
SUBJ0211,during,GLURP,859.91
SUBJ0211,during,MSP1,1031.43
SUBJ0212,before,AMA1,368.22
SUBJ0212,before,CSP,622.56
SUBJ0212,before,EBA175,953.56
SUBJ0212,before,GLURP,1001.64
SUBJ0212,before,MSP1,1903.57
SUBJ0212,during,AMA1,1313.12
SUBJ0212,during,CSP,502.45
SUBJ0212,during,EBA175,171.08
SUBJ0212,during,GLURP,2278.48
SUBJ0212,during,MSP1,661.88
SUBJ0213,before,AMA1,5128.12
SUBJ0213,before,CSP,1731.28
SUBJ0213,before,EBA175,4089.3
SUBJ0213,before,GLURP,337
SUBJ0213,before,MSP1,4368.93
SUBJ0213,during,AMA1,4073.39
SUBJ0213,during,CSP,1433.44
SUBJ0213,during,EBA175,10399.72
SUBJ0213,during,GLURP,782.48
SUBJ0213,during,MSP1,3919.56
SUBJ0214,before,AMA1,3460.35
SUBJ0214,before,CSP,1849.56
SUBJ0214,before,EBA175,2979.91
SUBJ0214,before,GLURP,1045.01
SUBJ0214,before,MSP1,3106.43
SUBJ0214,during,AMA1,4471.27
SUBJ0214,during,CSP,1486.58
SUBJ0214,during,EBA175,5796.92
SUBJ0214,during,GLURP,929.15
SUBJ0214,during,MSP1,546.89
SUBJ0215,before,AMA1,477.38
SUBJ0215,before,CSP,198.42
SUBJ0215,before,EBA175,470.42
SUBJ0215,before,GLURP,89.61
SUBJ0215,before,MSP1,487.17
SUBJ0215,during,AMA1,800.12
SUBJ0215,during,CSP,147.12
SUBJ0215,during,EBA175,373.01
SUBJ0215,during,GLURP,82.07
SUBJ0215,during,MSP1,186.38
SUBJ0216,before,AMA1,5828.32
SUBJ0216,before,CSP,2835.8
SUBJ0216,before,EBA175,5281.95
SUBJ0216,before,GLURP,1370.53
SUBJ0216,before,MSP1,1596.46
SUBJ0216,during,AMA1,1116.82
SUBJ0216,during,CSP,2343.01
SUBJ0216,during,EBA175,5720.72
SUBJ0216,during,GLURP,1274.56
SUBJ0216,during,MSP1,722.1
SUBJ0217,before,AMA1,3844.49
SUBJ0217,before,CSP,7979.14
SUBJ0217,before,EBA175,11072.94
SUBJ0217,before,GLURP,2437.38
SUBJ0217,before,MSP1,9145.23
SUBJ0217,during,AMA1,922.23
SUBJ0217,during,CSP,4250.8
SUBJ0217,during,EBA175,20814.72
SUBJ0217,during,GLURP,12982.53
SUBJ0217,during,MSP1,4202.92
SUBJ0218,before,AMA1,2207.28
SUBJ0218,before,CSP,489.55
SUBJ0218,before,EBA175,446.47
SUBJ0218,before,GLURP,280.63
SUBJ0218,before,MSP1,257.68
SUBJ0218,during,AMA1,121.34
SUBJ0218,during,CSP,400.26
SUBJ0218,during,EBA175,1882.18
SUBJ0218,during,GLURP,451.95
SUBJ0218,during,MSP1,149.11
SUBJ0219,before,AMA1,1337.36
SUBJ0219,before,CSP,3836.88
SUBJ0219,before,EBA175,547.27
SUBJ0219,before,GLURP,1764.21
SUBJ0219,before,MSP1,8043.8
SUBJ0219,during,AMA1,6150.4
SUBJ0219,during,CSP,878.65
SUBJ0219,during,EBA175,3160.38
SUBJ0219,during,GLURP,1424.37
SUBJ0219,during,MSP1,7032.44
SUBJ0220,before,AMA1,9667.1
SUBJ0220,before,CSP,385.81
SUBJ0220,before,EBA175,5193.9
SUBJ0220,before,GLURP,1647.77
SUBJ0220,before,MSP1,3056.63
SUBJ0220,during,AMA1,1041.26
SUBJ0220,during,CSP,1525.17
SUBJ0220,during,EBA175,4567.68
SUBJ0220,during,GLURP,943.25
SUBJ0220,during,MSP1,1448.68
SUBJ0221,before,AMA1,1801.79
SUBJ0221,before,CSP,386.95
SUBJ0221,before,EBA175,889.09
SUBJ0221,before,GLURP,389.86
SUBJ0221,before,MSP1,277.75
SUBJ0221,during,AMA1,951.82
SUBJ0221,during,CSP,3705.83
SUBJ0221,during,EBA175,2030.19
SUBJ0221,during,GLURP,77.15
SUBJ0221,during,MSP1,263.88
SUBJ0222,before,AMA1,2427.41
SUBJ0222,before,CSP,1015.64
SUBJ0222,before,EBA175,13659.77
SUBJ0222,before,GLURP,11137.29
SUBJ0222,before,MSP1,9481.25
SUBJ0222,during,AMA1,3060.57
SUBJ0222,during,CSP,5201.36
SUBJ0222,during,EBA175,7562.4
SUBJ0222,during,GLURP,914.52
SUBJ0222,during,MSP1,2302.72
SUBJ0223,before,AMA1,126.3
SUBJ0223,before,CSP,60
SUBJ0223,before,EBA175,335.03
SUBJ0223,before,GLURP,448.51
SUBJ0223,before,MSP1,503.78
SUBJ0223,during,AMA1,124.59
SUBJ0223,during,CSP,522.39
SUBJ0223,during,EBA175,2076.43
SUBJ0223,during,GLURP,146
SUBJ0223,during,MSP1,1506.68
SUBJ0224,before,AMA1,525.12
SUBJ0224,before,CSP,601.1
SUBJ0224,before,EBA175,2097.49
SUBJ0224,before,GLURP,1181.12
SUBJ0224,before,MSP1,2371.35
SUBJ0224,during,AMA1,143.25
SUBJ0224,during,CSP,455.52
SUBJ0224,during,EBA175,3656.43
SUBJ0224,during,GLURP,446.83
SUBJ0224,during,MSP1,1544.32
SUBJ0225,before,AMA1,428.22
SUBJ0225,before,CSP,3657.7
SUBJ0225,before,EBA175,5227.5
SUBJ0225,before,GLURP,1072.4
SUBJ0225,before,MSP1,135.54
SUBJ0225,during,AMA1,2823.34
SUBJ0225,during,CSP,1032.19
SUBJ0225,during,EBA175,3312.11
SUBJ0225,during,GLURP,386.41
SUBJ0225,during,MSP1,885.91
SUBJ0226,before,AMA1,113.09
SUBJ0226,before,CSP,302.25
SUBJ0226,before,EBA175,405.28
SUBJ0226,before,GLURP,28.01
SUBJ0226,before,MSP1,24.79
SUBJ0226,during,AMA1,428.37
SUBJ0226,during,CSP,71.99
SUBJ0226,during,EBA175,690.83
SUBJ0226,during,GLURP,105.62
SUBJ0226,during,MSP1,179.43
SUBJ0227,before,AMA1,14334.44
SUBJ0227,before,CSP,13579.76
SUBJ0227,before,EBA175,1734.41
SUBJ0227,before,GLURP,1201.24
SUBJ0227,before,MSP1,3672.69
SUBJ0227,during,AMA1,1952.67
SUBJ0227,during,CSP,3417.71
SUBJ0227,during,EBA175,1490.73
SUBJ0227,during,GLURP,2555.68
SUBJ0227,during,MSP1,389.44
SUBJ0228,before,AMA1,2035.07
SUBJ0228,before,CSP,766.58
SUBJ0228,before,EBA175,1641.01
SUBJ0228,before,GLURP,132.89
SUBJ0228,before,MSP1,390.5
SUBJ0228,during,AMA1,749.2
SUBJ0228,during,CSP,485.62
SUBJ0228,during,EBA175,277.45
SUBJ0228,during,GLURP,574.14
SUBJ0228,during,MSP1,472.85
SUBJ0229,before,AMA1,557.28
SUBJ0229,before,CSP,202.71
SUBJ0229,before,EBA175,1355.45
SUBJ0229,before,GLURP,714.98
SUBJ0229,before,MSP1,1648.78
SUBJ0229,during,AMA1,992.4
SUBJ0229,during,CSP,591.84
SUBJ0229,during,EBA175,5607.06
SUBJ0229,during,GLURP,112.72
SUBJ0229,during,MSP1,293.46
SUBJ0230,before,AMA1,1505.51
SUBJ0230,before,CSP,205.25
SUBJ0230,before,EBA175,1210.76
SUBJ0230,before,GLURP,782.07
SUBJ0230,before,MSP1,321.32
SUBJ0230,during,AMA1,1034.1
SUBJ0230,during,CSP,1203.34
SUBJ0230,during,EBA175,962.53
SUBJ0230,during,GLURP,251.81
SUBJ0230,during,MSP1,164.09
SUBJ0231,before,AMA1,524.54
SUBJ0231,before,CSP,471.44
SUBJ0231,before,EBA175,1454.93
SUBJ0231,before,GLURP,1409.11
SUBJ0231,before,MSP1,1564.64
SUBJ0231,during,AMA1,305.39
SUBJ0231,during,CSP,127.34
SUBJ0231,during,EBA175,1675.04
SUBJ0231,during,GLURP,74.18
SUBJ0231,during,MSP1,1284.1
SUBJ0232,before,AMA1,4024.13
SUBJ0232,before,CSP,2269.68
SUBJ0232,before,EBA175,3068.94
SUBJ0232,before,GLURP,1083.5
SUBJ0232,before,MSP1,1351.73
SUBJ0232,during,AMA1,338.7
SUBJ0232,during,CSP,5130.35
SUBJ0232,during,EBA175,4044.56
SUBJ0232,during,GLURP,240.3
SUBJ0232,during,MSP1,1595.83
SUBJ0233,before,AMA1,1767.72
SUBJ0233,before,CSP,310.18
SUBJ0233,before,EBA175,1233.63
SUBJ0233,before,GLURP,27.5
SUBJ0233,before,MSP1,856.95
SUBJ0233,during,AMA1,37.32
SUBJ0233,during,CSP,57.17
SUBJ0233,during,EBA175,236.24
SUBJ0233,during,GLURP,158.05
SUBJ0233,during,MSP1,94.15
SUBJ0234,before,AMA1,1032.58
SUBJ0234,before,CSP,141.22
SUBJ0234,before,EBA175,1378.01
SUBJ0234,before,GLURP,814.65
SUBJ0234,before,MSP1,236.89
SUBJ0234,during,AMA1,1106.01
SUBJ0234,during,CSP,184.5
SUBJ0234,during,EBA175,3080.83
SUBJ0234,during,GLURP,68.97
SUBJ0234,during,MSP1,390.66
SUBJ0235,before,AMA1,367.46
SUBJ0235,before,CSP,92.36
SUBJ0235,before,EBA175,486.79
SUBJ0235,before,GLURP,655.57
SUBJ0235,before,MSP1,114.76
SUBJ0235,during,AMA1,268.27
SUBJ0235,during,CSP,425.37
SUBJ0235,during,EBA175,1558.17
SUBJ0235,during,GLURP,512.08
SUBJ0235,during,MSP1,164.66
SUBJ0236,before,AMA1,739.46
SUBJ0236,before,CSP,411.42
SUBJ0236,before,EBA175,5055.52
SUBJ0236,before,GLURP,4213.84
SUBJ0236,before,MSP1,6240.84
SUBJ0236,during,AMA1,1206.63
SUBJ0236,during,CSP,27219.15
SUBJ0236,during,EBA175,7323.16
SUBJ0236,during,GLURP,1521.97
SUBJ0236,during,MSP1,2969.57
SUBJ0237,before,AMA1,1072.35
SUBJ0237,before,CSP,828.57
SUBJ0237,before,EBA175,680.14
SUBJ0237,before,GLURP,503.28
SUBJ0237,before,MSP1,1206.96
SUBJ0237,during,AMA1,5621.54
SUBJ0237,during,CSP,1469.44
SUBJ0237,during,EBA175,4658.55
SUBJ0237,during,GLURP,416.79
SUBJ0237,during,MSP1,1256.35
SUBJ0238,before,AMA1,1667.62
SUBJ0238,before,CSP,1127.77
SUBJ0238,before,EBA175,3226.06
SUBJ0238,before,GLURP,610.56
SUBJ0238,before,MSP1,402.12
SUBJ0238,during,AMA1,1473.33
SUBJ0238,during,CSP,4155.47
SUBJ0238,during,EBA175,4485.73
SUBJ0238,during,GLURP,1266.77
SUBJ0238,during,MSP1,1678.28
SUBJ0239,before,AMA1,3936.55
SUBJ0239,before,CSP,2371.84
SUBJ0239,before,EBA175,817.41
SUBJ0239,before,GLURP,787.14
SUBJ0239,before,MSP1,4295.28
SUBJ0239,during,AMA1,1709.34
SUBJ0239,during,CSP,944.6
SUBJ0239,during,EBA175,2347.42
SUBJ0239,during,GLURP,255.77
SUBJ0239,during,MSP1,2007.56
SUBJ0240,before,AMA1,257.36
SUBJ0240,before,CSP,2525.71
SUBJ0240,before,EBA175,1304.7
SUBJ0240,before,GLURP,290.51
SUBJ0240,before,MSP1,3489.99
SUBJ0240,during,AMA1,1999.04
SUBJ0240,during,CSP,2033.25
SUBJ0240,during,EBA175,1558.63
SUBJ0240,during,GLURP,1900.33
SUBJ0240,during,MSP1,1420.9
SUBJ0241,before,AMA1,6046.28
SUBJ0241,before,CSP,700.34
SUBJ0241,before,EBA175,1622.86
SUBJ0241,before,GLURP,605.54
SUBJ0241,before,MSP1,997.76
SUBJ0241,during,AMA1,7142.06
SUBJ0241,during,CSP,3235.72
SUBJ0241,during,EBA175,745.24
SUBJ0241,during,GLURP,1274.23
SUBJ0241,during,MSP1,566.4
SUBJ0242,before,AMA1,1855.32
SUBJ0242,before,CSP,1955.96
SUBJ0242,before,EBA175,10097.44
SUBJ0242,before,GLURP,3398.25
SUBJ0242,before,MSP1,3028.42
SUBJ0242,during,AMA1,4554.71
SUBJ0242,during,CSP,5684.48
SUBJ0242,during,EBA175,7483.82
SUBJ0242,during,GLURP,2824
SUBJ0242,during,MSP1,17692.73
SUBJ0243,before,AMA1,560.17
SUBJ0243,before,CSP,146.56
SUBJ0243,before,EBA175,452.16
SUBJ0243,before,GLURP,45.89
SUBJ0243,before,MSP1,1799.02
SUBJ0243,during,AMA1,218.52
SUBJ0243,during,CSP,293.66
SUBJ0243,during,EBA175,685.18
SUBJ0243,during,GLURP,131.52
SUBJ0243,during,MSP1,176.48
SUBJ0244,before,AMA1,306.48
SUBJ0244,before,CSP,1866.45
SUBJ0244,before,EBA175,2689.41
SUBJ0244,before,GLURP,86.08
SUBJ0244,before,MSP1,1492.9
SUBJ0244,during,AMA1,148.5
SUBJ0244,during,CSP,1324.43
SUBJ0244,during,EBA175,4646.04
SUBJ0244,during,GLURP,648.75
SUBJ0244,during,MSP1,1176.42
SUBJ0245,before,AMA1,38.92
SUBJ0245,before,CSP,22.26
SUBJ0245,before,EBA175,242.91
SUBJ0245,before,GLURP,82.84
SUBJ0245,before,MSP1,29.96
SUBJ0245,during,AMA1,40.83
SUBJ0245,during,CSP,39.1
SUBJ0245,during,EBA175,585.13
SUBJ0245,during,GLURP,43.17
SUBJ0245,during,MSP1,39.08
SUBJ0246,before,AMA1,1675.85
SUBJ0246,before,CSP,714.17
SUBJ0246,before,EBA175,3577.28
SUBJ0246,before,GLURP,352.07
SUBJ0246,before,MSP1,1044.59
SUBJ0246,during,AMA1,4164.44
SUBJ0246,during,CSP,4384.15
SUBJ0246,during,EBA175,471.34
SUBJ0246,during,GLURP,1388.39
SUBJ0246,during,MSP1,251.91
SUBJ0247,before,AMA1,2686.08
SUBJ0247,before,CSP,1297.14
SUBJ0247,before,EBA175,10637.94
SUBJ0247,before,GLURP,852.05
SUBJ0247,before,MSP1,7665.17
SUBJ0247,during,AMA1,2149.17
SUBJ0247,during,CSP,996.28
SUBJ0247,during,EBA175,1828.15
SUBJ0247,during,GLURP,517.28
SUBJ0247,during,MSP1,351.48
SUBJ0248,before,AMA1,499.66
SUBJ0248,before,CSP,635.39
SUBJ0248,before,EBA175,4652.76
SUBJ0248,before,GLURP,80.15
SUBJ0248,before,MSP1,119.34
SUBJ0248,during,AMA1,126.34
SUBJ0248,during,CSP,1013.54
SUBJ0248,during,EBA175,242.76
SUBJ0248,during,GLURP,1674.47
SUBJ0248,during,MSP1,666.44
SUBJ0249,before,AMA1,5798.6
SUBJ0249,before,CSP,3952.97
SUBJ0249,before,EBA175,1215.01
SUBJ0249,before,GLURP,775.95
SUBJ0249,before,MSP1,4872.98
SUBJ0249,during,AMA1,1272.02
SUBJ0249,during,CSP,5025.23
SUBJ0249,during,EBA175,2333.6
SUBJ0249,during,GLURP,2764.88
SUBJ0249,during,MSP1,3951.56
SUBJ0250,before,AMA1,2614.81
SUBJ0250,before,CSP,244.67
SUBJ0250,before,EBA175,264.27
SUBJ0250,before,GLURP,208.27
SUBJ0250,before,MSP1,177.54
SUBJ0250,during,AMA1,448.29
SUBJ0250,during,CSP,223.51
SUBJ0250,during,EBA175,217.39
SUBJ0250,during,GLURP,73.44
SUBJ0250,during,MSP1,646.69
SUBJ0251,before,AMA1,1188.22
SUBJ0251,before,CSP,2002.91
SUBJ0251,before,EBA175,1154.57
SUBJ0251,before,GLURP,2028.86
SUBJ0251,before,MSP1,13419.36
SUBJ0251,during,AMA1,4477.06
SUBJ0251,during,CSP,2147.56
SUBJ0251,during,EBA175,6684.04
SUBJ0251,during,GLURP,439.68
SUBJ0251,during,MSP1,680.04
SUBJ0252,before,AMA1,85.73
SUBJ0252,before,CSP,147.91
SUBJ0252,before,EBA175,604.26
SUBJ0252,before,GLURP,160.54
SUBJ0252,before,MSP1,21.9
SUBJ0252,during,AMA1,137.2
SUBJ0252,during,CSP,222.89
SUBJ0252,during,EBA175,470.28
SUBJ0252,during,GLURP,142.56
SUBJ0252,during,MSP1,154.83
SUBJ0253,before,AMA1,330.24
SUBJ0253,before,CSP,92.69
SUBJ0253,before,EBA175,187.48
SUBJ0253,before,GLURP,45.1
SUBJ0253,before,MSP1,256.4
SUBJ0253,during,AMA1,1017.08
SUBJ0253,during,CSP,70.79
SUBJ0253,during,EBA175,309.82
SUBJ0253,during,GLURP,289.33
SUBJ0253,during,MSP1,313.57
SUBJ0254,before,AMA1,153.15
SUBJ0254,before,CSP,79.6
SUBJ0254,before,EBA175,520.17
SUBJ0254,before,GLURP,53.46
SUBJ0254,before,MSP1,766.25
SUBJ0254,during,AMA1,1523.57
SUBJ0254,during,CSP,2470.75
SUBJ0254,during,EBA175,968.2
SUBJ0254,during,GLURP,90.43
SUBJ0254,during,MSP1,129.24
SUBJ0255,before,AMA1,2218.31
SUBJ0255,before,CSP,846.77
SUBJ0255,before,EBA175,2902.34
SUBJ0255,before,GLURP,226.14
SUBJ0255,before,MSP1,957.07
SUBJ0255,during,AMA1,825.9
SUBJ0255,during,CSP,1377.19
SUBJ0255,during,EBA175,1066.25
SUBJ0255,during,GLURP,1518.89
SUBJ0255,during,MSP1,1295.73
SUBJ0256,before,AMA1,11745.6
SUBJ0256,before,CSP,11254.35
SUBJ0256,before,EBA175,9054.77
SUBJ0256,before,GLURP,7897.75
SUBJ0256,before,MSP1,2078.2
SUBJ0256,during,AMA1,2032.2
SUBJ0256,during,CSP,953.42
SUBJ0256,during,EBA175,2712.86
SUBJ0256,during,GLURP,2045.2
SUBJ0256,during,MSP1,6462.68
SUBJ0257,before,AMA1,728.53
SUBJ0257,before,CSP,500.08
SUBJ0257,before,EBA175,821.21
SUBJ0257,before,GLURP,4484.66
SUBJ0257,before,MSP1,3329.2
SUBJ0257,during,AMA1,3131.51
SUBJ0257,during,CSP,582.3
SUBJ0257,during,EBA175,824.36
SUBJ0257,during,GLURP,3444.61
SUBJ0257,during,MSP1,1849.62
SUBJ0258,before,AMA1,576.62
SUBJ0258,before,CSP,328.69
SUBJ0258,before,EBA175,225.99
SUBJ0258,before,GLURP,159.48
SUBJ0258,before,MSP1,160.25
SUBJ0258,during,AMA1,531.09
SUBJ0258,during,CSP,432.75
SUBJ0258,during,EBA175,124.19
SUBJ0258,during,GLURP,142.79
SUBJ0258,during,MSP1,447.15
SUBJ0259,before,AMA1,5465.81
SUBJ0259,before,CSP,1427.24
SUBJ0259,before,EBA175,21756.9
SUBJ0259,before,GLURP,2450.96
SUBJ0259,before,MSP1,1515.28
SUBJ0259,during,AMA1,4100.43
SUBJ0259,during,CSP,3222.15
SUBJ0259,during,EBA175,1495.35
SUBJ0259,during,GLURP,789.45
SUBJ0259,during,MSP1,2416.34
SUBJ0260,before,AMA1,935.51
SUBJ0260,before,CSP,5021.49
SUBJ0260,before,EBA175,881.73
SUBJ0260,before,GLURP,111.72
SUBJ0260,before,MSP1,1799.07
SUBJ0260,during,AMA1,4347.24
SUBJ0260,during,CSP,850.06
SUBJ0260,during,EBA175,178.24
SUBJ0260,during,GLURP,355.68
SUBJ0260,during,MSP1,3466.6
SUBJ0261,before,AMA1,551.41
SUBJ0261,before,CSP,88.29
SUBJ0261,before,EBA175,86.59
SUBJ0261,before,GLURP,120.35
SUBJ0261,before,MSP1,231.41
SUBJ0261,during,AMA1,590.72
SUBJ0261,during,CSP,146.79
SUBJ0261,during,EBA175,201.58
SUBJ0261,during,GLURP,67.5
SUBJ0261,during,MSP1,108.79
SUBJ0262,before,AMA1,37.73
SUBJ0262,before,CSP,12.97
SUBJ0262,before,EBA175,61.3
SUBJ0262,before,GLURP,14.06
SUBJ0262,before,MSP1,116.78
SUBJ0262,during,AMA1,182.47
SUBJ0262,during,CSP,45.15
SUBJ0262,during,EBA175,515.29
SUBJ0262,during,GLURP,244.65
SUBJ0262,during,MSP1,446.65
SUBJ0263,before,AMA1,1335.19
SUBJ0263,before,CSP,3892.09
SUBJ0263,before,EBA175,11914.92
SUBJ0263,before,GLURP,946.07
SUBJ0263,before,MSP1,9147.68
SUBJ0263,during,AMA1,8762.3
SUBJ0263,during,CSP,4138.81
SUBJ0263,during,EBA175,3927.3
SUBJ0263,during,GLURP,3393.22
SUBJ0263,during,MSP1,1867.73
SUBJ0264,before,AMA1,2634.89
SUBJ0264,before,CSP,1216.94
SUBJ0264,before,EBA175,1308.07
SUBJ0264,before,GLURP,88.51
SUBJ0264,before,MSP1,565.44
SUBJ0264,during,AMA1,1316.31
SUBJ0264,during,CSP,10898.45
SUBJ0264,during,EBA175,3792.63
SUBJ0264,during,GLURP,314.12
SUBJ0264,during,MSP1,3420.55
SUBJ0265,before,AMA1,38.35
SUBJ0265,before,CSP,24.39
SUBJ0265,before,EBA175,53.85
SUBJ0265,before,GLURP,36.13
SUBJ0265,before,MSP1,35.38
SUBJ0265,during,AMA1,167.64
SUBJ0265,during,CSP,145.3
SUBJ0265,during,EBA175,994.47
SUBJ0265,during,GLURP,34.01
SUBJ0265,during,MSP1,73.61
SUBJ0266,before,AMA1,428.62
SUBJ0266,before,CSP,429.56
SUBJ0266,before,EBA175,3220.74
SUBJ0266,before,GLURP,210.16
SUBJ0266,before,MSP1,176.66
SUBJ0266,during,AMA1,499.79
SUBJ0266,during,CSP,242.51
SUBJ0266,during,EBA175,336.92
SUBJ0266,during,GLURP,304.43
SUBJ0266,during,MSP1,330.64
SUBJ0267,before,AMA1,4332.08
SUBJ0267,before,CSP,1260.5
SUBJ0267,before,EBA175,5003.89
SUBJ0267,before,GLURP,481.69
SUBJ0267,before,MSP1,1595.66
SUBJ0267,during,AMA1,1170.87
SUBJ0267,during,CSP,643.34
SUBJ0267,during,EBA175,1224.33
SUBJ0267,during,GLURP,2478.57
SUBJ0267,during,MSP1,1385.82
SUBJ0268,before,AMA1,13688.05
SUBJ0268,before,CSP,3718.32
SUBJ0268,before,EBA175,4118.96
SUBJ0268,before,GLURP,1031.29
SUBJ0268,before,MSP1,1389.82
SUBJ0268,during,AMA1,1371.59
SUBJ0268,during,CSP,2554.35
SUBJ0268,during,EBA175,2048.3
SUBJ0268,during,GLURP,795.64
SUBJ0268,during,MSP1,848.77
SUBJ0269,before,AMA1,48.56
SUBJ0269,before,CSP,46.02
SUBJ0269,before,EBA175,29.09
SUBJ0269,before,GLURP,37.45
SUBJ0269,before,MSP1,28.32
SUBJ0269,during,AMA1,156.45
SUBJ0269,during,CSP,91.46
SUBJ0269,during,EBA175,74.32
SUBJ0269,during,GLURP,42.85
SUBJ0269,during,MSP1,153.08
SUBJ0270,before,AMA1,208.02
SUBJ0270,before,CSP,138.66
SUBJ0270,before,EBA175,593.95
SUBJ0270,before,GLURP,991.24
SUBJ0270,before,MSP1,220.74
SUBJ0270,during,AMA1,356.85
SUBJ0270,during,CSP,740.36
SUBJ0270,during,EBA175,1370.77
SUBJ0270,during,GLURP,281.64
SUBJ0270,during,MSP1,565.01
SUBJ0271,before,AMA1,623.69
SUBJ0271,before,CSP,584.96
SUBJ0271,before,EBA175,812.58
SUBJ0271,before,GLURP,94.31
SUBJ0271,before,MSP1,577.92
SUBJ0271,during,AMA1,293.49
SUBJ0271,during,CSP,1330.47
SUBJ0271,during,EBA175,1878.51
SUBJ0271,during,GLURP,570.27
SUBJ0271,during,MSP1,1232.49
SUBJ0272,before,AMA1,3029.27
SUBJ0272,before,CSP,1483.81
SUBJ0272,before,EBA175,5033.6
SUBJ0272,before,GLURP,476.66
SUBJ0272,before,MSP1,1638.9
SUBJ0272,during,AMA1,823.15
SUBJ0272,during,CSP,1212.84
SUBJ0272,during,EBA175,4874.43
SUBJ0272,during,GLURP,1374.59
SUBJ0272,during,MSP1,612.19
SUBJ0273,before,AMA1,1955.76
SUBJ0273,before,CSP,555.43
SUBJ0273,before,EBA175,10676.72
SUBJ0273,before,GLURP,877.71
SUBJ0273,before,MSP1,9717.87
SUBJ0273,during,AMA1,22525.02
SUBJ0273,during,CSP,2684.82
SUBJ0273,during,EBA175,3964.91
SUBJ0273,during,GLURP,2104.43
SUBJ0273,during,MSP1,1327
SUBJ0274,before,AMA1,697.79
SUBJ0274,before,CSP,63.59
SUBJ0274,before,EBA175,1519.58
SUBJ0274,before,GLURP,189.28
SUBJ0274,before,MSP1,865.53
SUBJ0274,during,AMA1,940.04
SUBJ0274,during,CSP,38.44
SUBJ0274,during,EBA175,454.14
SUBJ0274,during,GLURP,44.68
SUBJ0274,during,MSP1,444.91
SUBJ0275,before,AMA1,1707.55
SUBJ0275,before,CSP,550.24
SUBJ0275,before,EBA175,965.17
SUBJ0275,before,GLURP,2072.02
SUBJ0275,before,MSP1,2565.31
SUBJ0275,during,AMA1,475.6
SUBJ0275,during,CSP,163.96
SUBJ0275,during,EBA175,933.65
SUBJ0275,during,GLURP,305.53
SUBJ0275,during,MSP1,1573.65
SUBJ0276,before,AMA1,1473.74
SUBJ0276,before,CSP,10000.66
SUBJ0276,before,EBA175,1985.2
SUBJ0276,before,GLURP,820.62
SUBJ0276,before,MSP1,1712.56
SUBJ0276,during,AMA1,3650.83
SUBJ0276,during,CSP,1835.03
SUBJ0276,during,EBA175,3129.11
SUBJ0276,during,GLURP,566.73
SUBJ0276,during,MSP1,664.4
SUBJ0277,before,AMA1,918.59
SUBJ0277,before,CSP,1380.19
SUBJ0277,before,EBA175,309.49
SUBJ0277,before,GLURP,1748.34
SUBJ0277,before,MSP1,270.4
SUBJ0277,during,AMA1,582.24
SUBJ0277,during,CSP,1778.97
SUBJ0277,during,EBA175,4685
SUBJ0277,during,GLURP,547.55
SUBJ0277,during,MSP1,369.09
SUBJ0278,before,AMA1,1828.98
SUBJ0278,before,CSP,832.08
SUBJ0278,before,EBA175,4629.58
SUBJ0278,before,GLURP,586.34
SUBJ0278,before,MSP1,631.91
SUBJ0278,during,AMA1,7394.6
SUBJ0278,during,CSP,1255.72
SUBJ0278,during,EBA175,12732.04
SUBJ0278,during,GLURP,2251.86
SUBJ0278,during,MSP1,3316.52
SUBJ0279,before,AMA1,737.47
SUBJ0279,before,CSP,564.11
SUBJ0279,before,EBA175,566.98
SUBJ0279,before,GLURP,78.23
SUBJ0279,before,MSP1,997.42
SUBJ0279,during,AMA1,405.1
SUBJ0279,during,CSP,560.15
SUBJ0279,during,EBA175,463.43
SUBJ0279,during,GLURP,310.06
SUBJ0279,during,MSP1,2385.16
SUBJ0280,before,AMA1,237.17
SUBJ0280,before,CSP,47.31
SUBJ0280,before,EBA175,679.7
SUBJ0280,before,GLURP,189.24
SUBJ0280,before,MSP1,374.35
SUBJ0280,during,AMA1,265.3
SUBJ0280,during,CSP,831
SUBJ0280,during,EBA175,397.63
SUBJ0280,during,GLURP,438.55
SUBJ0280,during,MSP1,1571.14
SUBJ0281,before,AMA1,1393.42
SUBJ0281,before,CSP,2621.87
SUBJ0281,before,EBA175,2846.76
SUBJ0281,before,GLURP,1380.71
SUBJ0281,before,MSP1,2090.84
SUBJ0281,during,AMA1,1868.77
SUBJ0281,during,CSP,1112.58
SUBJ0281,during,EBA175,6383.97
SUBJ0281,during,GLURP,2764.04
SUBJ0281,during,MSP1,431.66
SUBJ0282,before,AMA1,47.47
SUBJ0282,before,CSP,42.26
SUBJ0282,before,EBA175,66.23
SUBJ0282,before,GLURP,42.57
SUBJ0282,before,MSP1,194.97
SUBJ0282,during,AMA1,64.29
SUBJ0282,during,CSP,256.43
SUBJ0282,during,EBA175,1263.13
SUBJ0282,during,GLURP,236.76
SUBJ0282,during,MSP1,287.45
SUBJ0283,before,AMA1,1210.53
SUBJ0283,before,CSP,423.18
SUBJ0283,before,EBA175,998.57
SUBJ0283,before,GLURP,373.49
SUBJ0283,before,MSP1,43.74
SUBJ0283,during,AMA1,950.98
SUBJ0283,during,CSP,221.13
SUBJ0283,during,EBA175,418.74
SUBJ0283,during,GLURP,216.68
SUBJ0283,during,MSP1,792.7
SUBJ0284,before,AMA1,809.76
SUBJ0284,before,CSP,906.02
SUBJ0284,before,EBA175,931.34
SUBJ0284,before,GLURP,1110.64
SUBJ0284,before,MSP1,379.86
SUBJ0284,during,AMA1,271.63
SUBJ0284,during,CSP,362.68
SUBJ0284,during,EBA175,353.1
SUBJ0284,during,GLURP,1822.2
SUBJ0284,during,MSP1,591.84
SUBJ0285,before,AMA1,251.64
SUBJ0285,before,CSP,40.57
SUBJ0285,before,EBA175,79.18
SUBJ0285,before,GLURP,96.94
SUBJ0285,before,MSP1,40.5
SUBJ0285,during,AMA1,382.75
SUBJ0285,during,CSP,40.02
SUBJ0285,during,EBA175,51.2
SUBJ0285,during,GLURP,102.68
SUBJ0285,during,MSP1,76.85
SUBJ0286,before,AMA1,580.9
SUBJ0286,before,CSP,1140.59
SUBJ0286,before,EBA175,1860.8
SUBJ0286,before,GLURP,2052
SUBJ0286,before,MSP1,4136.57
SUBJ0286,during,AMA1,4178.62
SUBJ0286,during,CSP,3588.79
SUBJ0286,during,EBA175,9202.07
SUBJ0286,during,GLURP,1219.69
SUBJ0286,during,MSP1,11651.89
SUBJ0287,before,AMA1,5083.86
SUBJ0287,before,CSP,2167.2
SUBJ0287,before,EBA175,4809.3
SUBJ0287,before,GLURP,319.84
SUBJ0287,before,MSP1,912.53
SUBJ0287,during,AMA1,557.35
SUBJ0287,during,CSP,228.68
SUBJ0287,during,EBA175,447.17
SUBJ0287,during,GLURP,884.07
SUBJ0287,during,MSP1,1046.54
SUBJ0288,before,AMA1,137.3
SUBJ0288,before,CSP,550.32
SUBJ0288,before,EBA175,1277.95
SUBJ0288,before,GLURP,166.26
SUBJ0288,before,MSP1,1278.42
SUBJ0288,during,AMA1,405.11
SUBJ0288,during,CSP,408.68
SUBJ0288,during,EBA175,215.6
SUBJ0288,during,GLURP,1140.42
SUBJ0288,during,MSP1,925.33
SUBJ0289,before,AMA1,147.49
SUBJ0289,before,CSP,88.17
SUBJ0289,before,EBA175,1499.76
SUBJ0289,before,GLURP,68.26
SUBJ0289,before,MSP1,175.69
SUBJ0289,during,AMA1,445.12
SUBJ0289,during,CSP,150.74
SUBJ0289,during,EBA175,335.21
SUBJ0289,during,GLURP,133.75
SUBJ0289,during,MSP1,228.18
SUBJ0290,before,AMA1,2864.28
SUBJ0290,before,CSP,386.75
SUBJ0290,before,EBA175,175.15
SUBJ0290,before,GLURP,176.71
SUBJ0290,before,MSP1,305.6
SUBJ0290,during,AMA1,473.88
SUBJ0290,during,CSP,105.53
SUBJ0290,during,EBA175,2994.73
SUBJ0290,during,GLURP,443.19
SUBJ0290,during,MSP1,4781.87
SUBJ0291,before,AMA1,104.26
SUBJ0291,before,CSP,69.87
SUBJ0291,before,EBA175,413.01
SUBJ0291,before,GLURP,186.04
SUBJ0291,before,MSP1,127.53
SUBJ0292,before,AMA1,1271.82
SUBJ0292,before,CSP,1377.87
SUBJ0292,before,EBA175,1126.77
SUBJ0292,before,GLURP,471.34
SUBJ0292,before,MSP1,1890.34
SUBJ0292,during,AMA1,581.41
SUBJ0292,during,CSP,507.75
SUBJ0292,during,EBA175,647.75
SUBJ0292,during,GLURP,344.57
SUBJ0292,during,MSP1,1151.73
SUBJ0293,before,AMA1,442.89
SUBJ0293,before,CSP,394.92
SUBJ0293,before,EBA175,579.45
SUBJ0293,before,GLURP,84.19
SUBJ0293,before,MSP1,612.47
SUBJ0293,during,AMA1,1615.31
SUBJ0293,during,CSP,66.37
SUBJ0293,during,EBA175,3167.75
SUBJ0293,during,GLURP,740.74
SUBJ0293,during,MSP1,209.9
SUBJ0294,before,AMA1,2837.55
SUBJ0294,before,CSP,2259.65
SUBJ0294,before,EBA175,467.7
SUBJ0294,before,GLURP,214.2
SUBJ0294,before,MSP1,482.78
SUBJ0294,during,AMA1,2056.85
SUBJ0294,during,CSP,1147.16
SUBJ0294,during,EBA175,2046.79
SUBJ0294,during,GLURP,372.34
SUBJ0294,during,MSP1,1430.48
SUBJ0295,before,AMA1,556.07
SUBJ0295,before,CSP,222.26
SUBJ0295,before,EBA175,532.36
SUBJ0295,before,GLURP,84.71
SUBJ0295,before,MSP1,1783.88
SUBJ0295,during,AMA1,796.45
SUBJ0295,during,CSP,816.18
SUBJ0295,during,EBA175,1837.02
SUBJ0295,during,GLURP,494.87
SUBJ0295,during,MSP1,529.89
SUBJ0296,before,AMA1,379.73
SUBJ0296,before,CSP,2320.89
SUBJ0296,before,EBA175,3090.23
SUBJ0296,before,GLURP,650.27
SUBJ0296,before,MSP1,569.34
SUBJ0296,during,AMA1,3992.57
SUBJ0296,during,CSP,6921.28
SUBJ0296,during,EBA175,7734.56
SUBJ0296,during,GLURP,2230.14
SUBJ0296,during,MSP1,1210.59
SUBJ0297,before,AMA1,965.04
SUBJ0297,before,CSP,2314.49
SUBJ0297,before,EBA175,1256.09
SUBJ0297,before,GLURP,393.13
SUBJ0297,before,MSP1,846.17
SUBJ0297,during,AMA1,1365.43
SUBJ0297,during,CSP,333.3
SUBJ0297,during,EBA175,6817.05
SUBJ0297,during,GLURP,1323.4
SUBJ0297,during,MSP1,1921.58
SUBJ0298,before,AMA1,534.54
SUBJ0298,before,CSP,3322.58
SUBJ0298,before,EBA175,1748.65
SUBJ0298,before,GLURP,281.43
SUBJ0298,before,MSP1,602.94
SUBJ0298,during,AMA1,243.64
SUBJ0298,during,CSP,268.58
SUBJ0298,during,EBA175,233.12
SUBJ0298,during,GLURP,47.14
SUBJ0298,during,MSP1,734.78
SUBJ0299,before,AMA1,117.94
SUBJ0299,before,CSP,226.94
SUBJ0299,before,EBA175,1261.47
SUBJ0299,before,GLURP,262.61
SUBJ0299,before,MSP1,439.77
SUBJ0299,during,AMA1,922.33
SUBJ0299,during,CSP,113.81
SUBJ0299,during,EBA175,169.04
SUBJ0299,during,GLURP,47.05
SUBJ0299,during,MSP1,495.43
SUBJ0300,before,AMA1,942.6
SUBJ0300,before,CSP,3199.91
SUBJ0300,before,EBA175,2781.88
SUBJ0300,before,GLURP,7995.34
SUBJ0300,before,MSP1,1660.97
SUBJ0300,during,AMA1,1499.74
SUBJ0300,during,CSP,1142.26
SUBJ0300,during,EBA175,2851.46
SUBJ0300,during,GLURP,1607.33
SUBJ0300,during,MSP1,3535.45
SUBJ0301,before,AMA1,421.73
SUBJ0301,before,CSP,2074.75
SUBJ0301,before,EBA175,4678.41
SUBJ0301,before,GLURP,2049.53
SUBJ0301,before,MSP1,2599.74
SUBJ0301,during,AMA1,578.98
SUBJ0301,during,CSP,3094.89
SUBJ0301,during,EBA175,1822.15
SUBJ0301,during,GLURP,1881.45
SUBJ0301,during,MSP1,729.95
SUBJ0302,before,AMA1,376.01
SUBJ0302,before,CSP,189.42
SUBJ0302,before,EBA175,282.59
SUBJ0302,before,GLURP,355.52
SUBJ0302,before,MSP1,244.54
SUBJ0302,during,AMA1,636.88
SUBJ0302,during,CSP,203.13
SUBJ0302,during,EBA175,113.41
SUBJ0302,during,GLURP,396.91
SUBJ0302,during,MSP1,340.55
SUBJ0303,before,AMA1,3650.19
SUBJ0303,before,CSP,1412.03
SUBJ0303,before,EBA175,4811.87
SUBJ0303,before,GLURP,538.66
SUBJ0303,before,MSP1,6837.88
SUBJ0303,during,AMA1,1334.6
SUBJ0303,during,CSP,2036.12
SUBJ0303,during,EBA175,1040.93
SUBJ0303,during,GLURP,353.31
SUBJ0303,during,MSP1,6840.09
SUBJ0304,before,AMA1,336.62
SUBJ0304,before,CSP,379.77
SUBJ0304,before,EBA175,5798.01
SUBJ0304,before,GLURP,711.63
SUBJ0304,before,MSP1,695.12
SUBJ0304,during,AMA1,214.26
SUBJ0304,during,CSP,481.36
SUBJ0304,during,EBA175,432.26
SUBJ0304,during,GLURP,741.67
SUBJ0304,during,MSP1,334.61
SUBJ0305,before,AMA1,108.14
SUBJ0305,before,CSP,774.29
SUBJ0305,before,EBA175,314.59
SUBJ0305,before,GLURP,201.3
SUBJ0305,before,MSP1,1238.03
SUBJ0305,during,AMA1,112.46
SUBJ0305,during,CSP,275.29
SUBJ0305,during,EBA175,156.82
SUBJ0305,during,GLURP,109.88
SUBJ0305,during,MSP1,589.37
SUBJ0306,before,AMA1,1894.4
SUBJ0306,before,CSP,2958.31
SUBJ0306,before,EBA175,2600.7
SUBJ0306,before,GLURP,1898.57
SUBJ0306,before,MSP1,1031.36
SUBJ0306,during,AMA1,1720.49
SUBJ0306,during,CSP,13140.42
SUBJ0306,during,EBA175,6663.47
SUBJ0306,during,GLURP,1364.53
SUBJ0306,during,MSP1,1585.17
SUBJ0307,before,AMA1,167.74
SUBJ0307,before,CSP,784.56
SUBJ0307,before,EBA175,1684.39
SUBJ0307,before,GLURP,212.2
SUBJ0307,before,MSP1,1092.28
SUBJ0307,during,AMA1,537.49
SUBJ0307,during,CSP,753.32
SUBJ0307,during,EBA175,579
SUBJ0307,during,GLURP,287.81
SUBJ0307,during,MSP1,243.31
SUBJ0308,before,AMA1,6345.32
SUBJ0308,before,CSP,1600
SUBJ0308,before,EBA175,4922.67
SUBJ0308,before,GLURP,1325.91
SUBJ0308,before,MSP1,2462.18
SUBJ0308,during,AMA1,1944.31
SUBJ0308,during,CSP,2336.25
SUBJ0308,during,EBA175,4137.38
SUBJ0308,during,GLURP,9701.67
SUBJ0308,during,MSP1,1559.27
SUBJ0309,before,AMA1,3856.52
SUBJ0309,before,CSP,3381.4
SUBJ0309,before,EBA175,2434.61
SUBJ0309,before,GLURP,1918.02
SUBJ0309,before,MSP1,354.46
SUBJ0309,during,AMA1,3267.56
SUBJ0309,during,CSP,1264.45
SUBJ0309,during,EBA175,5371.6
SUBJ0309,during,GLURP,8895.11
SUBJ0309,during,MSP1,1579.47
SUBJ0310,before,AMA1,7358.82
SUBJ0310,before,CSP,1152.69
SUBJ0310,before,EBA175,2285.95
SUBJ0310,before,GLURP,946.26
SUBJ0310,before,MSP1,1896.02
SUBJ0310,during,AMA1,743.6
SUBJ0310,during,CSP,808.1
SUBJ0310,during,EBA175,2689.46
SUBJ0310,during,GLURP,1009.13
SUBJ0310,during,MSP1,188.76
SUBJ0311,before,AMA1,31955.76
SUBJ0311,before,CSP,4023.75
SUBJ0311,before,EBA175,11091.41
SUBJ0311,before,GLURP,601.96
SUBJ0311,before,MSP1,1869.51
SUBJ0311,during,AMA1,2907.48
SUBJ0311,during,CSP,2379.88
SUBJ0311,during,EBA175,15139.77
SUBJ0311,during,GLURP,274.16
SUBJ0311,during,MSP1,2429.97
SUBJ0312,before,AMA1,159.33
SUBJ0312,before,CSP,592.07
SUBJ0312,before,EBA175,1013.76
SUBJ0312,before,GLURP,518.67
SUBJ0312,before,MSP1,1646.11
SUBJ0312,during,AMA1,273.04
SUBJ0312,during,CSP,577.49
SUBJ0312,during,EBA175,820.56
SUBJ0312,during,GLURP,225.47
SUBJ0312,during,MSP1,135.58
SUBJ0313,before,AMA1,489.55
SUBJ0313,before,CSP,1172.03
SUBJ0313,before,EBA175,533.24
SUBJ0313,before,GLURP,1857.86
SUBJ0313,before,MSP1,587.16
SUBJ0313,during,AMA1,2157.46
SUBJ0313,during,CSP,538.25
SUBJ0313,during,EBA175,3900.57
SUBJ0313,during,GLURP,828.76
SUBJ0313,during,MSP1,469.55
SUBJ0314,before,AMA1,4023.34
SUBJ0314,before,CSP,260.45
SUBJ0314,before,EBA175,15867.29
SUBJ0314,before,GLURP,3314.12
SUBJ0314,before,MSP1,4165.94
SUBJ0314,during,AMA1,888.82
SUBJ0314,during,CSP,5716.95
SUBJ0314,during,EBA175,4367.2
SUBJ0314,during,GLURP,833.92
SUBJ0314,during,MSP1,204.1
SUBJ0315,before,AMA1,349.57
SUBJ0315,before,CSP,165.28
SUBJ0315,before,EBA175,1929.91
SUBJ0315,before,GLURP,1658.86
SUBJ0315,before,MSP1,1190.26
SUBJ0315,during,AMA1,183.03
SUBJ0315,during,CSP,285.79
SUBJ0315,during,EBA175,239.22
SUBJ0315,during,GLURP,145.61
SUBJ0315,during,MSP1,3733.96
SUBJ0316,before,AMA1,1767.88
SUBJ0316,before,CSP,2024.4
SUBJ0316,before,EBA175,21186.76
SUBJ0316,before,GLURP,2308.79
SUBJ0316,before,MSP1,1886.78
SUBJ0316,during,AMA1,2195.45
SUBJ0316,during,CSP,1016.4
SUBJ0316,during,EBA175,588.39
SUBJ0316,during,GLURP,1568.04
SUBJ0316,during,MSP1,1815.84
SUBJ0317,before,AMA1,1882.2
SUBJ0317,before,CSP,1048.11
SUBJ0317,before,EBA175,955.28
SUBJ0317,before,GLURP,362.72
SUBJ0317,before,MSP1,1204.35
SUBJ0317,during,AMA1,1550.35
SUBJ0317,during,CSP,1068.5
SUBJ0317,during,EBA175,2192.29
SUBJ0317,during,GLURP,168.26
SUBJ0317,during,MSP1,553.77
SUBJ0318,before,AMA1,2997.61
SUBJ0318,before,CSP,1225.31
SUBJ0318,before,EBA175,915.72
SUBJ0318,before,GLURP,963.21
SUBJ0318,before,MSP1,524.72
SUBJ0318,during,AMA1,19935.81
SUBJ0318,during,CSP,781.43
SUBJ0318,during,EBA175,9713.19
SUBJ0318,during,GLURP,2347.83
SUBJ0318,during,MSP1,11450.57
SUBJ0319,before,AMA1,356.41
SUBJ0319,before,CSP,174.16
SUBJ0319,before,EBA175,393.38
SUBJ0319,before,GLURP,63.34
SUBJ0319,before,MSP1,850.8
SUBJ0319,during,AMA1,288.25
SUBJ0319,during,CSP,92.34
SUBJ0319,during,EBA175,826.29
SUBJ0319,during,GLURP,1025.45
SUBJ0319,during,MSP1,133.48
SUBJ0320,before,AMA1,86.24
SUBJ0320,before,CSP,115.69
SUBJ0320,before,EBA175,456.39
SUBJ0320,before,GLURP,127.96
SUBJ0320,before,MSP1,388.28
SUBJ0320,during,AMA1,122.46
SUBJ0320,during,CSP,496.97
SUBJ0320,during,EBA175,411.73
SUBJ0320,during,GLURP,351.17
SUBJ0320,during,MSP1,767.88
SUBJ0321,before,AMA1,3134.76
SUBJ0321,before,CSP,1039.71
SUBJ0321,before,EBA175,2200.87
SUBJ0321,before,GLURP,1173.06
SUBJ0321,before,MSP1,500.93
SUBJ0321,during,AMA1,379.21
SUBJ0321,during,CSP,386.8
SUBJ0321,during,EBA175,705.21
SUBJ0321,during,GLURP,287.82
SUBJ0321,during,MSP1,443.38
SUBJ0322,before,AMA1,4878.15
SUBJ0322,before,CSP,2423.34
SUBJ0322,before,EBA175,1809.16
SUBJ0322,before,GLURP,15327.25
SUBJ0322,before,MSP1,1706.87
SUBJ0322,during,AMA1,1372.66
SUBJ0322,during,CSP,2530.78
SUBJ0322,during,EBA175,5359.22
SUBJ0322,during,GLURP,1357.29
SUBJ0322,during,MSP1,514.18
SUBJ0323,before,AMA1,1570.54
SUBJ0323,before,CSP,1160.24
SUBJ0323,before,EBA175,4774.86
SUBJ0323,before,GLURP,1315.91
SUBJ0323,before,MSP1,2674.28
SUBJ0323,during,AMA1,4316.91
SUBJ0323,during,CSP,4336.77
SUBJ0323,during,EBA175,3763.06
SUBJ0323,during,GLURP,583.06
SUBJ0323,during,MSP1,219.59
SUBJ0324,before,AMA1,163.3
SUBJ0324,before,CSP,332.63
SUBJ0324,before,EBA175,2151.25
SUBJ0324,before,GLURP,120.4
SUBJ0324,before,MSP1,184.34
SUBJ0324,during,AMA1,306.42
SUBJ0324,during,CSP,722.51
SUBJ0324,during,EBA175,2152.14
SUBJ0324,during,GLURP,107.76
SUBJ0324,during,MSP1,236.84
SUBJ0325,before,AMA1,388.18
SUBJ0325,before,CSP,215.58
SUBJ0325,before,EBA175,158.16
SUBJ0325,before,GLURP,219.31
SUBJ0325,before,MSP1,1018.1
SUBJ0325,during,AMA1,382.7
SUBJ0325,during,CSP,541.94
SUBJ0325,during,EBA175,1087.34
SUBJ0325,during,GLURP,2540.62
SUBJ0325,during,MSP1,252.81
SUBJ0326,before,AMA1,230.73
SUBJ0326,before,CSP,380.71
SUBJ0326,before,EBA175,738.02
SUBJ0326,before,GLURP,178.85
SUBJ0326,before,MSP1,3621.97
SUBJ0326,during,AMA1,852.15
SUBJ0326,during,CSP,1369.16
SUBJ0326,during,EBA175,706.66
SUBJ0326,during,GLURP,663.02
SUBJ0326,during,MSP1,187.06
SUBJ0327,before,AMA1,20194.62
SUBJ0327,before,CSP,656.55
SUBJ0327,before,EBA175,6429.04
SUBJ0327,before,GLURP,4449.5
SUBJ0327,before,MSP1,1278.01
SUBJ0327,during,AMA1,2654.43
SUBJ0327,during,CSP,6308.55
SUBJ0327,during,EBA175,2243.4
SUBJ0327,during,GLURP,964
SUBJ0327,during,MSP1,6087.84
SUBJ0328,before,AMA1,758.29
SUBJ0328,before,CSP,180.95
SUBJ0328,before,EBA175,553.84
SUBJ0328,before,GLURP,225.7
SUBJ0328,before,MSP1,2813.89
SUBJ0328,during,AMA1,1475.23
SUBJ0328,during,CSP,741.79
SUBJ0328,during,EBA175,2059.74
SUBJ0328,during,GLURP,953.2
SUBJ0328,during,MSP1,468.41
SUBJ0329,before,AMA1,572.12
SUBJ0329,before,CSP,2043.73
SUBJ0329,before,EBA175,633.19
SUBJ0329,before,GLURP,287.43
SUBJ0329,before,MSP1,1561.72
SUBJ0329,during,AMA1,341.34
SUBJ0329,during,CSP,826.91
SUBJ0329,during,EBA175,788.39
SUBJ0329,during,GLURP,182.27
SUBJ0329,during,MSP1,2231.18
SUBJ0330,before,AMA1,3485.13
SUBJ0330,before,CSP,941.76
SUBJ0330,before,EBA175,35503.61
SUBJ0330,before,GLURP,1252.88
SUBJ0330,before,MSP1,1115.74
SUBJ0330,during,AMA1,6295.61
SUBJ0330,during,CSP,353.84
SUBJ0330,during,EBA175,7490.72
SUBJ0330,during,GLURP,1318.13
SUBJ0330,during,MSP1,942.96
SUBJ0331,before,AMA1,2478.81
SUBJ0331,before,CSP,1017.1
SUBJ0331,before,EBA175,3835.47
SUBJ0331,before,GLURP,654.19
SUBJ0331,before,MSP1,981.11
SUBJ0331,during,AMA1,1332.34
SUBJ0331,during,CSP,669.11
SUBJ0331,during,EBA175,1180.27
SUBJ0331,during,GLURP,1527.1
SUBJ0331,during,MSP1,1909.87
SUBJ0332,before,AMA1,12595.75
SUBJ0332,before,CSP,168.67
SUBJ0332,before,EBA175,2445.7
SUBJ0332,before,GLURP,1429.25
SUBJ0332,before,MSP1,832.7
SUBJ0332,during,AMA1,2759.78
SUBJ0332,during,CSP,498.26
SUBJ0332,during,EBA175,5014.17
SUBJ0332,during,GLURP,365.44
SUBJ0332,during,MSP1,1526.53
SUBJ0333,before,AMA1,630.71
SUBJ0333,before,CSP,1129.98
SUBJ0333,before,EBA175,2517.4
SUBJ0333,before,GLURP,111.53
SUBJ0333,before,MSP1,749.08
SUBJ0333,during,AMA1,2625.71
SUBJ0333,during,CSP,301.17
SUBJ0333,during,EBA175,1712.66
SUBJ0333,during,GLURP,24.46
SUBJ0333,during,MSP1,626.78
SUBJ0334,before,AMA1,3832.21
SUBJ0334,before,CSP,355.47
SUBJ0334,before,EBA175,2985.94
SUBJ0334,before,GLURP,693.68
SUBJ0334,before,MSP1,621.52
SUBJ0334,during,AMA1,672.41
SUBJ0334,during,CSP,170.71
SUBJ0334,during,EBA175,5740.86
SUBJ0334,during,GLURP,4865.05
SUBJ0334,during,MSP1,1047.9
SUBJ0335,before,AMA1,805.53
SUBJ0335,before,CSP,692.52
SUBJ0335,before,EBA175,8033.97
SUBJ0335,before,GLURP,1074.7
SUBJ0335,before,MSP1,4719.37
SUBJ0335,during,AMA1,7621.22
SUBJ0335,during,CSP,3815.3
SUBJ0335,during,EBA175,4753.46
SUBJ0335,during,GLURP,3323.82
SUBJ0335,during,MSP1,2160.51
SUBJ0336,before,AMA1,67.16
SUBJ0336,before,CSP,13.44
SUBJ0336,before,EBA175,178
SUBJ0336,before,GLURP,30.43
SUBJ0336,before,MSP1,27.36
SUBJ0336,during,AMA1,354.63
SUBJ0336,during,CSP,88.65
SUBJ0336,during,EBA175,175.74
SUBJ0336,during,GLURP,37.84
SUBJ0336,during,MSP1,262.38
SUBJ0337,before,AMA1,296.41
SUBJ0337,before,CSP,537.2
SUBJ0337,before,EBA175,2815.16
SUBJ0337,before,GLURP,1226.48
SUBJ0337,before,MSP1,621.07
SUBJ0337,during,AMA1,750.03
SUBJ0337,during,CSP,422.77
SUBJ0337,during,EBA175,3619.42
SUBJ0337,during,GLURP,150.9
SUBJ0337,during,MSP1,724.67
SUBJ0338,before,AMA1,6425.41
SUBJ0338,before,CSP,1935.42
SUBJ0338,before,EBA175,34296.46
SUBJ0338,before,GLURP,805.14
SUBJ0338,before,MSP1,4974.45
SUBJ0338,during,AMA1,4052.35
SUBJ0338,during,CSP,1412.29
SUBJ0338,during,EBA175,5807.38
SUBJ0338,during,GLURP,1042.86
SUBJ0338,during,MSP1,8591.17
SUBJ0339,before,AMA1,20
SUBJ0339,before,CSP,9.94
SUBJ0339,before,EBA175,249.73
SUBJ0339,before,GLURP,13.87
SUBJ0339,before,MSP1,27.34
SUBJ0339,during,AMA1,816.07
SUBJ0339,during,CSP,85.1
SUBJ0339,during,EBA175,52.74
SUBJ0339,during,GLURP,58.56
SUBJ0339,during,MSP1,46.67
SUBJ0340,before,AMA1,1675.01
SUBJ0340,before,CSP,1319.16
SUBJ0340,before,EBA175,1074.15
SUBJ0340,before,GLURP,190.71
SUBJ0340,before,MSP1,163.72
SUBJ0340,during,AMA1,4058.96
SUBJ0340,during,CSP,709.72
SUBJ0340,during,EBA175,217.71
SUBJ0340,during,GLURP,120.6
SUBJ0340,during,MSP1,461.56
SUBJ0341,before,AMA1,3908.61
SUBJ0341,before,CSP,1824.1
SUBJ0341,before,EBA175,17148.8
SUBJ0341,before,GLURP,4957.91
SUBJ0341,before,MSP1,4385.65
SUBJ0341,during,AMA1,2630.23
SUBJ0341,during,CSP,3489.39
SUBJ0341,during,EBA175,14069.8
SUBJ0341,during,GLURP,3528.11
SUBJ0341,during,MSP1,7682.22
SUBJ0342,before,AMA1,162.81
SUBJ0342,before,CSP,49.37
SUBJ0342,before,EBA175,1350.03
SUBJ0342,before,GLURP,145.71
SUBJ0342,before,MSP1,171.73
SUBJ0342,during,AMA1,348.19
SUBJ0342,during,CSP,764.08
SUBJ0342,during,EBA175,1386.61
SUBJ0342,during,GLURP,91.25
SUBJ0342,during,MSP1,254.27
SUBJ0343,before,AMA1,1249.49
SUBJ0343,before,CSP,2714.3
SUBJ0343,before,EBA175,525.96
SUBJ0343,before,GLURP,6968.02
SUBJ0343,before,MSP1,1612.68
SUBJ0343,during,AMA1,7609.91
SUBJ0343,during,CSP,1483.26
SUBJ0343,during,EBA175,1775.66
SUBJ0343,during,GLURP,603.08
SUBJ0343,during,MSP1,2579.04
SUBJ0344,before,AMA1,2140.55
SUBJ0344,before,CSP,438.27
SUBJ0344,before,EBA175,17914.58
SUBJ0344,before,GLURP,940.04
SUBJ0344,before,MSP1,2180.95
SUBJ0344,during,AMA1,6189.83
SUBJ0344,during,CSP,979.36
SUBJ0344,during,EBA175,3772.63
SUBJ0344,during,GLURP,2385.61
SUBJ0344,during,MSP1,18554.76
SUBJ0345,before,AMA1,153.5
SUBJ0345,before,CSP,448.2
SUBJ0345,before,EBA175,2737.59
SUBJ0345,before,GLURP,174.77
SUBJ0345,before,MSP1,172.03
SUBJ0345,during,AMA1,878.29
SUBJ0345,during,CSP,324.97
SUBJ0345,during,EBA175,1816.77
SUBJ0345,during,GLURP,84.81
SUBJ0345,during,MSP1,1206.94
SUBJ0346,before,AMA1,675.37
SUBJ0346,before,CSP,258.81
SUBJ0346,before,EBA175,400.28
SUBJ0346,before,GLURP,293.31
SUBJ0346,before,MSP1,380.38
SUBJ0346,during,AMA1,1704.52
SUBJ0346,during,CSP,120.61
SUBJ0346,during,EBA175,2774.67
SUBJ0346,during,GLURP,557.64
SUBJ0346,during,MSP1,2500.22
SUBJ0347,before,AMA1,1101.34
SUBJ0347,before,CSP,2892.07
SUBJ0347,before,EBA175,2449.09
SUBJ0347,before,GLURP,85.95
SUBJ0347,before,MSP1,497.66
SUBJ0347,during,AMA1,1101.07
SUBJ0347,during,CSP,449.03
SUBJ0347,during,EBA175,14890.12
SUBJ0347,during,GLURP,200.24
SUBJ0347,during,MSP1,1249.29
SUBJ0348,before,AMA1,399.99
SUBJ0348,before,CSP,53.59
SUBJ0348,before,EBA175,137.25
SUBJ0348,before,GLURP,144.36
SUBJ0348,before,MSP1,94.4
SUBJ0348,during,AMA1,301.54
SUBJ0348,during,CSP,223.28
SUBJ0348,during,EBA175,1158.08
SUBJ0348,during,GLURP,130.72
SUBJ0348,during,MSP1,76.45
SUBJ0349,before,AMA1,2788.13
SUBJ0349,before,CSP,5727.94
SUBJ0349,before,EBA175,4412.68
SUBJ0349,before,GLURP,2699.07
SUBJ0349,before,MSP1,1185.36
SUBJ0350,before,AMA1,113.41
SUBJ0350,before,CSP,156.43
SUBJ0350,before,EBA175,523.6
SUBJ0350,before,GLURP,42.23
SUBJ0350,before,MSP1,287.49
SUBJ0350,during,AMA1,153.71
SUBJ0350,during,CSP,500.01
SUBJ0350,during,EBA175,458.51
SUBJ0350,during,GLURP,158.64
SUBJ0350,during,MSP1,348.28
SUBJ0351,before,AMA1,372.31
SUBJ0351,before,CSP,608.87
SUBJ0351,before,EBA175,1561.18
SUBJ0351,before,GLURP,250.29
SUBJ0351,before,MSP1,539.88
SUBJ0351,during,AMA1,670.63
SUBJ0351,during,CSP,252.73
SUBJ0351,during,EBA175,2045.2
SUBJ0351,during,GLURP,637.36
SUBJ0351,during,MSP1,70.82
SUBJ0352,before,AMA1,1509.32
SUBJ0352,before,CSP,1569.48
SUBJ0352,before,EBA175,4181.2
SUBJ0352,before,GLURP,306.2
SUBJ0352,before,MSP1,831.54
SUBJ0352,during,AMA1,1508.13
SUBJ0352,during,CSP,1401.92
SUBJ0352,during,EBA175,2173.19
SUBJ0352,during,GLURP,1838.73
SUBJ0352,during,MSP1,1828.88
SUBJ0353,before,AMA1,661.29
SUBJ0353,before,CSP,137.86
SUBJ0353,before,EBA175,1717.64
SUBJ0353,before,GLURP,131.12
SUBJ0353,before,MSP1,573.24
SUBJ0353,during,AMA1,230.09
SUBJ0353,during,CSP,298.25
SUBJ0353,during,EBA175,441.65
SUBJ0353,during,GLURP,274.99
SUBJ0353,during,MSP1,471.85
SUBJ0354,before,AMA1,4843.47
SUBJ0354,before,CSP,461.67
SUBJ0354,before,EBA175,887.3
SUBJ0354,before,GLURP,4655.42
SUBJ0354,before,MSP1,1188.13
SUBJ0354,during,AMA1,1468.96
SUBJ0354,during,CSP,2493.41
SUBJ0354,during,EBA175,3630.61
SUBJ0354,during,GLURP,390.63
SUBJ0354,during,MSP1,562.47
SUBJ0355,before,AMA1,441.65
SUBJ0355,before,CSP,466.68
SUBJ0355,before,EBA175,2163.07
SUBJ0355,before,GLURP,570
SUBJ0355,before,MSP1,2462.59
SUBJ0355,during,AMA1,743.74
SUBJ0355,during,CSP,419.96
SUBJ0355,during,EBA175,1858.48
SUBJ0355,during,GLURP,366.31
SUBJ0355,during,MSP1,2072.58
SUBJ0356,before,AMA1,686
SUBJ0356,before,CSP,3029.94
SUBJ0356,before,EBA175,1819.27
SUBJ0356,before,GLURP,85.27
SUBJ0356,before,MSP1,340.76
SUBJ0356,during,AMA1,674.6
SUBJ0356,during,CSP,682.59
SUBJ0356,during,EBA175,750
SUBJ0356,during,GLURP,265.56
SUBJ0356,during,MSP1,2112.95
SUBJ0357,before,AMA1,48.3
SUBJ0357,before,CSP,224.82
SUBJ0357,before,EBA175,412.81
SUBJ0357,before,GLURP,45.18
SUBJ0357,before,MSP1,199.19
SUBJ0357,during,AMA1,284.52
SUBJ0357,during,CSP,670.34
SUBJ0357,during,EBA175,240.22
SUBJ0357,during,GLURP,505.5
SUBJ0357,during,MSP1,16.01
SUBJ0358,before,AMA1,1469.01
SUBJ0358,before,CSP,1283.82
SUBJ0358,before,EBA175,2416.23
SUBJ0358,before,GLURP,3500.76
SUBJ0358,before,MSP1,20920.83
SUBJ0358,during,AMA1,6601.11
SUBJ0358,during,CSP,1795.02
SUBJ0358,during,EBA175,1732.13
SUBJ0358,during,GLURP,2162.45
SUBJ0358,during,MSP1,3122.22
SUBJ0359,before,AMA1,372.75
SUBJ0359,before,CSP,211.12
SUBJ0359,before,EBA175,2296.11
SUBJ0359,before,GLURP,1519.92
SUBJ0359,before,MSP1,733.85
SUBJ0359,during,AMA1,929.86
SUBJ0359,during,CSP,116.21
SUBJ0359,during,EBA175,829.04
SUBJ0359,during,GLURP,615.16
SUBJ0359,during,MSP1,426.58
SUBJ0360,before,AMA1,209.18
SUBJ0360,before,CSP,605.96
SUBJ0360,before,EBA175,2195
SUBJ0360,before,GLURP,222.14
SUBJ0360,before,MSP1,610.69
SUBJ0360,during,AMA1,915.62
SUBJ0360,during,CSP,1791.78
SUBJ0360,during,EBA175,374.93
SUBJ0360,during,GLURP,500.36
SUBJ0360,during,MSP1,556.12
SUBJ0361,before,AMA1,11743.49
SUBJ0361,before,CSP,3322.79
SUBJ0361,before,EBA175,2371.64
SUBJ0361,before,GLURP,1996.12
SUBJ0361,before,MSP1,2365.14
SUBJ0361,during,AMA1,1290.54
SUBJ0361,during,CSP,1824.95
SUBJ0361,during,EBA175,5184.1
SUBJ0361,during,GLURP,905.91
SUBJ0361,during,MSP1,3680.22
SUBJ0362,before,AMA1,3040.07
SUBJ0362,before,CSP,232.59
SUBJ0362,before,EBA175,535.29
SUBJ0362,before,GLURP,103.93
SUBJ0362,before,MSP1,238.2
SUBJ0362,during,AMA1,797.14
SUBJ0362,during,CSP,183.45
SUBJ0362,during,EBA175,232.08
SUBJ0362,during,GLURP,175.82
SUBJ0362,during,MSP1,2638.57
SUBJ0363,before,AMA1,940.59
SUBJ0363,before,CSP,90.86
SUBJ0363,before,EBA175,2217.58
SUBJ0363,before,GLURP,256.19
SUBJ0363,before,MSP1,787.52
SUBJ0363,during,AMA1,300.25
SUBJ0363,during,CSP,435.94
SUBJ0363,during,EBA175,200.33
SUBJ0363,during,GLURP,234.46
SUBJ0363,during,MSP1,590.11
SUBJ0364,before,AMA1,2090.08
SUBJ0364,before,CSP,571.83
SUBJ0364,before,EBA175,1466.23
SUBJ0364,before,GLURP,301.91
SUBJ0364,before,MSP1,102.99
SUBJ0364,during,AMA1,779.82
SUBJ0364,during,CSP,1791.26
SUBJ0364,during,EBA175,4812.9
SUBJ0364,during,GLURP,374.46
SUBJ0364,during,MSP1,167.28
SUBJ0365,before,AMA1,978.45
SUBJ0365,before,CSP,3260.66
SUBJ0365,before,EBA175,3122.54
SUBJ0365,before,GLURP,57.9
SUBJ0365,before,MSP1,1371.75
SUBJ0365,during,AMA1,1499.65
SUBJ0365,during,CSP,514.63
SUBJ0365,during,EBA175,2775.98
SUBJ0365,during,GLURP,327.11
SUBJ0365,during,MSP1,1144.26
SUBJ0366,before,AMA1,20.76
SUBJ0366,before,CSP,34.77
SUBJ0366,before,EBA175,112.8
SUBJ0366,before,GLURP,17.73
SUBJ0366,before,MSP1,9.28
SUBJ0366,during,AMA1,242.67
SUBJ0366,during,CSP,168.26
SUBJ0366,during,EBA175,131.43
SUBJ0366,during,GLURP,72.43
SUBJ0366,during,MSP1,52.81
SUBJ0367,before,AMA1,361.69
SUBJ0367,before,CSP,130.52
SUBJ0367,before,EBA175,380.54
SUBJ0367,before,GLURP,64.64
SUBJ0367,before,MSP1,324.23
SUBJ0367,during,AMA1,509.25
SUBJ0367,during,CSP,108.16
SUBJ0367,during,EBA175,99.25
SUBJ0367,during,GLURP,169.54
SUBJ0367,during,MSP1,1711.94
SUBJ0368,before,AMA1,472.77
SUBJ0368,before,CSP,62.07
SUBJ0368,before,EBA175,199.02
SUBJ0368,before,GLURP,31.16
SUBJ0368,before,MSP1,97.03
SUBJ0368,during,AMA1,65.7
SUBJ0368,during,CSP,151.87
SUBJ0368,during,EBA175,350.14
SUBJ0368,during,GLURP,21.13
SUBJ0368,during,MSP1,167.34
SUBJ0369,before,AMA1,1501.2
SUBJ0369,before,CSP,388.58
SUBJ0369,before,EBA175,6530.15
SUBJ0369,before,GLURP,848.17
SUBJ0369,before,MSP1,6852.84
SUBJ0369,during,AMA1,2038.49
SUBJ0369,during,CSP,1066.66
SUBJ0369,during,EBA175,1949.39
SUBJ0369,during,GLURP,638.18
SUBJ0369,during,MSP1,817.88
SUBJ0370,before,AMA1,189.49
SUBJ0370,before,CSP,43.74
SUBJ0370,before,EBA175,77.92
SUBJ0370,before,GLURP,54.05
SUBJ0370,before,MSP1,26.67
SUBJ0370,during,AMA1,91.01
SUBJ0370,during,CSP,14.78
SUBJ0370,during,EBA175,101.4
SUBJ0370,during,GLURP,174.24
SUBJ0370,during,MSP1,780.88
SUBJ0371,before,AMA1,4381.72
SUBJ0371,before,CSP,3447.82
SUBJ0371,before,EBA175,15010.33
SUBJ0371,before,GLURP,642.87
SUBJ0371,before,MSP1,3308.12
SUBJ0371,during,AMA1,3938.28
SUBJ0371,during,CSP,2650.27
SUBJ0371,during,EBA175,4130.29
SUBJ0371,during,GLURP,771.13
SUBJ0371,during,MSP1,1925.56
SUBJ0372,before,AMA1,1250.78
SUBJ0372,before,CSP,125.85
SUBJ0372,before,EBA175,2836.11
SUBJ0372,before,GLURP,41.32
SUBJ0372,before,MSP1,388
SUBJ0372,during,AMA1,478.16
SUBJ0372,during,CSP,27.47
SUBJ0372,during,EBA175,526.24
SUBJ0372,during,GLURP,98.6
SUBJ0372,during,MSP1,79.27
SUBJ0373,before,AMA1,2495.29
SUBJ0373,before,CSP,750.32
SUBJ0373,before,EBA175,2533.92
SUBJ0373,before,GLURP,1147.34
SUBJ0373,before,MSP1,994.94
SUBJ0373,during,AMA1,286.73
SUBJ0373,during,CSP,425.25
SUBJ0373,during,EBA175,472.19
SUBJ0373,during,GLURP,553.6
SUBJ0373,during,MSP1,303.9
SUBJ0374,before,AMA1,1850.1
SUBJ0374,before,CSP,358.96
SUBJ0374,before,EBA175,3551.82
SUBJ0374,before,GLURP,140.16
SUBJ0374,before,MSP1,1164.27
SUBJ0374,during,AMA1,1625.26
SUBJ0374,during,CSP,821.44
SUBJ0374,during,EBA175,3429.04
SUBJ0374,during,GLURP,535.96
SUBJ0374,during,MSP1,15319.84
SUBJ0375,before,AMA1,1525.41
SUBJ0375,before,CSP,902.27
SUBJ0375,before,EBA175,3512.42
SUBJ0375,before,GLURP,118.75
SUBJ0375,before,MSP1,1018.28
SUBJ0375,during,AMA1,1663.65
SUBJ0375,during,CSP,1149.97
SUBJ0375,during,EBA175,2101.74
SUBJ0375,during,GLURP,282.26
SUBJ0375,during,MSP1,304.21
SUBJ0376,before,AMA1,248.49
SUBJ0376,before,CSP,238.04
SUBJ0376,before,EBA175,141.06
SUBJ0376,before,GLURP,53.02
SUBJ0376,before,MSP1,89.83
SUBJ0376,during,AMA1,96.92
SUBJ0376,during,CSP,269.72
SUBJ0376,during,EBA175,147.01
SUBJ0376,during,GLURP,141.9
SUBJ0376,during,MSP1,368.45
SUBJ0377,before,AMA1,8741.69
SUBJ0377,before,CSP,5114.13
SUBJ0377,before,EBA175,4111.42
SUBJ0377,before,GLURP,3911.84
SUBJ0377,before,MSP1,1843.23
SUBJ0377,during,AMA1,3718.06
SUBJ0377,during,CSP,6872.38
SUBJ0377,during,EBA175,4573.16
SUBJ0377,during,GLURP,398.94
SUBJ0377,during,MSP1,10219.29
SUBJ0378,before,AMA1,219.5
SUBJ0378,before,CSP,124.59
SUBJ0378,before,EBA175,205.37
SUBJ0378,before,GLURP,105.21
SUBJ0378,before,MSP1,56.26
SUBJ0378,during,AMA1,173.8
SUBJ0378,during,CSP,1051.51
SUBJ0378,during,EBA175,505.75
SUBJ0378,during,GLURP,71.27
SUBJ0378,during,MSP1,89.05
SUBJ0379,before,AMA1,957.56
SUBJ0379,before,CSP,167.33
SUBJ0379,before,EBA175,11340.38
SUBJ0379,before,GLURP,286.64
SUBJ0379,before,MSP1,3203.26
SUBJ0379,during,AMA1,934.23
SUBJ0379,during,CSP,305.7
SUBJ0379,during,EBA175,1363.19
SUBJ0379,during,GLURP,132.27
SUBJ0379,during,MSP1,2153.76
SUBJ0380,before,AMA1,64.3
SUBJ0380,before,CSP,84.5
SUBJ0380,before,EBA175,58.64
SUBJ0380,before,GLURP,34.66
SUBJ0380,before,MSP1,4.75
SUBJ0380,during,AMA1,170.74
SUBJ0380,during,CSP,95.49
SUBJ0380,during,EBA175,213.73
SUBJ0380,during,GLURP,116.5
SUBJ0380,during,MSP1,22.23
SUBJ0381,before,AMA1,3769.22
SUBJ0381,before,CSP,5670.74
SUBJ0381,before,EBA175,13706.6
SUBJ0381,before,GLURP,180.49
SUBJ0381,before,MSP1,3082.41
SUBJ0381,during,AMA1,4723.31
SUBJ0381,during,CSP,6247.62
SUBJ0381,during,EBA175,53078.22
SUBJ0381,during,GLURP,638.79
SUBJ0381,during,MSP1,2781.54
SUBJ0382,before,AMA1,1046.12
SUBJ0382,before,CSP,237.93
SUBJ0382,before,EBA175,717.68
SUBJ0382,before,GLURP,1112.98
SUBJ0382,before,MSP1,675.29
SUBJ0382,during,AMA1,610.36
SUBJ0382,during,CSP,2940.62
SUBJ0382,during,EBA175,1004.07
SUBJ0382,during,GLURP,373.57
SUBJ0382,during,MSP1,449.87
SUBJ0383,before,AMA1,498.37
SUBJ0383,before,CSP,12372.9
SUBJ0383,before,EBA175,1636.46
SUBJ0383,before,GLURP,3872.15
SUBJ0383,before,MSP1,2566.25
SUBJ0384,before,AMA1,1605.68
SUBJ0384,before,CSP,2113.79
SUBJ0384,before,EBA175,5607.34
SUBJ0384,before,GLURP,1601.14
SUBJ0384,before,MSP1,956.97
SUBJ0384,during,AMA1,1138.11
SUBJ0384,during,CSP,3911.78
SUBJ0384,during,EBA175,2436.5
SUBJ0384,during,GLURP,2575.06
SUBJ0384,during,MSP1,6250.27
SUBJ0385,before,AMA1,2866.55
SUBJ0385,before,CSP,800.67
SUBJ0385,before,EBA175,204.39
SUBJ0385,before,GLURP,377.01
SUBJ0385,before,MSP1,278.72
SUBJ0385,during,AMA1,1207.31
SUBJ0385,during,CSP,202.85
SUBJ0385,during,EBA175,1668.07
SUBJ0385,during,GLURP,152.26
SUBJ0385,during,MSP1,6269.82
SUBJ0386,before,AMA1,422.04
SUBJ0386,before,CSP,55.99
SUBJ0386,before,EBA175,841.4
SUBJ0386,before,GLURP,66.67
SUBJ0386,before,MSP1,298.94
SUBJ0386,during,AMA1,265.88
SUBJ0386,during,CSP,822.45
SUBJ0386,during,EBA175,406.94
SUBJ0386,during,GLURP,689.68
SUBJ0386,during,MSP1,1876.95
SUBJ0387,before,AMA1,2441.72
SUBJ0387,before,CSP,1045.13
SUBJ0387,before,EBA175,5025.99
SUBJ0387,before,GLURP,663.8
SUBJ0387,before,MSP1,7655.63
SUBJ0387,during,AMA1,6761.86
SUBJ0387,during,CSP,8062.16
SUBJ0387,during,EBA175,1022.86
SUBJ0387,during,GLURP,844.79
SUBJ0387,during,MSP1,347.85
SUBJ0388,before,AMA1,133.02
SUBJ0388,before,CSP,826.28
SUBJ0388,before,EBA175,2580.82
SUBJ0388,before,GLURP,2943.18
SUBJ0388,before,MSP1,582.04
SUBJ0388,during,AMA1,1290.87
SUBJ0388,during,CSP,901.88
SUBJ0388,during,EBA175,3120.65
SUBJ0388,during,GLURP,1436.85
SUBJ0388,during,MSP1,1062.97
SUBJ0389,before,AMA1,913.71
SUBJ0389,before,CSP,2656.25
SUBJ0389,before,EBA175,2409.09
SUBJ0389,before,GLURP,196.66
SUBJ0389,before,MSP1,586.76
SUBJ0389,during,AMA1,814.59
SUBJ0389,during,CSP,123.76
SUBJ0389,during,EBA175,4362.81
SUBJ0389,during,GLURP,49.62
SUBJ0389,during,MSP1,1220.07
SUBJ0390,before,AMA1,2376.59
SUBJ0390,before,CSP,295.45
SUBJ0390,before,EBA175,9797.76
SUBJ0390,before,GLURP,8724.13
SUBJ0390,before,MSP1,507.89
SUBJ0390,during,AMA1,677.44
SUBJ0390,during,CSP,411.9
SUBJ0390,during,EBA175,1966.36
SUBJ0390,during,GLURP,433.8
SUBJ0390,during,MSP1,3441.71
SUBJ0391,before,AMA1,335.26
SUBJ0391,before,CSP,301.01
SUBJ0391,before,EBA175,68.82
SUBJ0391,before,GLURP,114.63
SUBJ0391,before,MSP1,177.83
SUBJ0391,during,AMA1,393.82
SUBJ0391,during,CSP,861.64
SUBJ0391,during,EBA175,750.96
SUBJ0391,during,GLURP,403.95
SUBJ0391,during,MSP1,426.37
SUBJ0392,before,AMA1,3882.4
SUBJ0392,before,CSP,679.99
SUBJ0392,before,EBA175,3393.96
SUBJ0392,before,GLURP,3457.94
SUBJ0392,before,MSP1,14144.82
SUBJ0392,during,AMA1,5132.92
SUBJ0392,during,CSP,5076.64
SUBJ0392,during,EBA175,16818.5
SUBJ0392,during,GLURP,848.11
SUBJ0392,during,MSP1,6348.67
SUBJ0393,before,AMA1,923.79
SUBJ0393,before,CSP,579.53
SUBJ0393,before,EBA175,1445.23
SUBJ0393,before,GLURP,342.79
SUBJ0393,before,MSP1,229.37
SUBJ0393,during,AMA1,369.13
SUBJ0393,during,CSP,277.95
SUBJ0393,during,EBA175,989.79
SUBJ0393,during,GLURP,165.94
SUBJ0393,during,MSP1,122.4
SUBJ0394,before,AMA1,6720.72
SUBJ0394,before,CSP,2182.49
SUBJ0394,before,EBA175,3677.86
SUBJ0394,before,GLURP,1147.58
SUBJ0394,before,MSP1,4276.87
SUBJ0394,during,AMA1,652.17
SUBJ0394,during,CSP,2963.99
SUBJ0394,during,EBA175,10217.16
SUBJ0394,during,GLURP,630.71
SUBJ0394,during,MSP1,4204.7
SUBJ0395,before,AMA1,2967.52
SUBJ0395,before,CSP,5395.37
SUBJ0395,before,EBA175,4817.35
SUBJ0395,before,GLURP,7015.93
SUBJ0395,before,MSP1,4154.27
SUBJ0395,during,AMA1,1495.79
SUBJ0395,during,CSP,330.79
SUBJ0395,during,EBA175,40346.42
SUBJ0395,during,GLURP,2099.09
SUBJ0395,during,MSP1,2900.34
SUBJ0396,before,AMA1,460
SUBJ0396,before,CSP,468.32
SUBJ0396,before,EBA175,477.97
SUBJ0396,before,GLURP,151.7
SUBJ0396,before,MSP1,421.75
SUBJ0396,during,AMA1,292.86
SUBJ0396,during,CSP,784.79
SUBJ0396,during,EBA175,868.05
SUBJ0396,during,GLURP,458.75
SUBJ0396,during,MSP1,757.62
SUBJ0397,before,AMA1,1166.21
SUBJ0397,before,CSP,792.37
SUBJ0397,before,EBA175,826.12
SUBJ0397,before,GLURP,249.01
SUBJ0397,before,MSP1,1893.73
SUBJ0397,during,AMA1,1707.74
SUBJ0397,during,CSP,1019.55
SUBJ0397,during,EBA175,4802.59
SUBJ0397,during,GLURP,239.94
SUBJ0397,during,MSP1,1530.79
SUBJ0398,before,AMA1,1156.93
SUBJ0398,before,CSP,2037.85
SUBJ0398,before,EBA175,3954.75
SUBJ0398,before,GLURP,1116.05
SUBJ0398,before,MSP1,1690.71
SUBJ0398,during,AMA1,922.05
SUBJ0398,during,CSP,1367.41
SUBJ0398,during,EBA175,698.13
SUBJ0398,during,GLURP,283.03
SUBJ0398,during,MSP1,660.93
SUBJ0399,before,AMA1,652.88
SUBJ0399,before,CSP,845.18
SUBJ0399,before,EBA175,5745.49
SUBJ0399,before,GLURP,2752.63
SUBJ0399,before,MSP1,1820.1
SUBJ0399,during,AMA1,3902.59
SUBJ0399,during,CSP,2440.02
SUBJ0399,during,EBA175,1421.71
SUBJ0399,during,GLURP,822.8
SUBJ0399,during,MSP1,410.46
SUBJ0400,before,AMA1,11385.45
SUBJ0400,before,CSP,745.48
SUBJ0400,before,EBA175,2634.18
SUBJ0400,before,GLURP,686.02
SUBJ0400,before,MSP1,8472.29
SUBJ0400,during,AMA1,2246.35
SUBJ0400,during,CSP,8043.2
SUBJ0400,during,EBA175,3797.53
SUBJ0400,during,GLURP,845.52
SUBJ0400,during,MSP1,1907.24
SUBJ0401,before,AMA1,18024.96
SUBJ0401,before,CSP,12128.24
SUBJ0401,before,EBA175,6769.25
SUBJ0401,before,GLURP,6378.67
SUBJ0401,before,MSP1,4838.8
SUBJ0401,during,AMA1,2682.06
SUBJ0401,during,CSP,2719.33
SUBJ0401,during,EBA175,4710
SUBJ0401,during,GLURP,7541.86
SUBJ0401,during,MSP1,1568.13
SUBJ0402,before,AMA1,3131.15
SUBJ0402,before,CSP,7410.47
SUBJ0402,before,EBA175,22431.65
SUBJ0402,before,GLURP,3285.07
SUBJ0402,before,MSP1,1108.06
SUBJ0402,during,AMA1,3805.79
SUBJ0402,during,CSP,3549.58
SUBJ0402,during,EBA175,3415.16
SUBJ0402,during,GLURP,833.78
SUBJ0402,during,MSP1,1885.91
SUBJ0403,before,AMA1,2496.71
SUBJ0403,before,CSP,4960.73
SUBJ0403,before,EBA175,4026.12
SUBJ0403,before,GLURP,3137.76
SUBJ0403,before,MSP1,773.89
SUBJ0403,during,AMA1,1266.42
SUBJ0403,during,CSP,5184.39
SUBJ0403,during,EBA175,3146.18
SUBJ0403,during,GLURP,4005.24
SUBJ0403,during,MSP1,1316.05
SUBJ0404,before,AMA1,1009.37
SUBJ0404,before,CSP,1355.1
SUBJ0404,before,EBA175,4164.79
SUBJ0404,before,GLURP,2677.44
SUBJ0404,before,MSP1,3793.45
SUBJ0404,during,AMA1,3297.26
SUBJ0404,during,CSP,839.83
SUBJ0404,during,EBA175,12190.17
SUBJ0404,during,GLURP,2528.15
SUBJ0404,during,MSP1,1363.96
SUBJ0405,before,AMA1,2300.78
SUBJ0405,before,CSP,537.48
SUBJ0405,before,EBA175,202.97
SUBJ0405,before,GLURP,2571.58
SUBJ0405,before,MSP1,3344.87
SUBJ0405,during,AMA1,5247.84
SUBJ0405,during,CSP,3778.21
SUBJ0405,during,EBA175,10808.8
SUBJ0405,during,GLURP,359.96
SUBJ0405,during,MSP1,8873.24
SUBJ0406,before,AMA1,785.62
SUBJ0406,before,CSP,1324.98
SUBJ0406,before,EBA175,3648.89
SUBJ0406,before,GLURP,661.72
SUBJ0406,before,MSP1,2212.83
SUBJ0406,during,AMA1,222.28
SUBJ0406,during,CSP,442.2
SUBJ0406,during,EBA175,1786.79
SUBJ0406,during,GLURP,346.71
SUBJ0406,during,MSP1,2752.12
SUBJ0407,before,AMA1,911.63
SUBJ0407,before,CSP,558.25
SUBJ0407,before,EBA175,1501.85
SUBJ0407,before,GLURP,141.39
SUBJ0407,before,MSP1,980.2
SUBJ0407,during,AMA1,1268.49
SUBJ0407,during,CSP,303.83
SUBJ0407,during,EBA175,2268.02
SUBJ0407,during,GLURP,311.57
SUBJ0407,during,MSP1,2423.91
SUBJ0408,before,AMA1,2357.38
SUBJ0408,before,CSP,830.92
SUBJ0408,before,EBA175,3049.2
SUBJ0408,before,GLURP,1012.71
SUBJ0408,before,MSP1,4663.96
SUBJ0408,during,AMA1,2706.4
SUBJ0408,during,CSP,3163.47
SUBJ0408,during,EBA175,1477.47
SUBJ0408,during,GLURP,676.77
SUBJ0408,during,MSP1,1394.26
SUBJ0409,before,AMA1,4016.72
SUBJ0409,before,CSP,1230.94
SUBJ0409,before,EBA175,4424.97
SUBJ0409,before,GLURP,171.39
SUBJ0409,before,MSP1,2540.78
SUBJ0409,during,AMA1,1711.7
SUBJ0409,during,CSP,765.48
SUBJ0409,during,EBA175,563.94
SUBJ0409,during,GLURP,329.82
SUBJ0409,during,MSP1,528.76
SUBJ0410,before,AMA1,1529.43
SUBJ0410,before,CSP,4223.48
SUBJ0410,before,EBA175,1095.07
SUBJ0410,before,GLURP,723.16
SUBJ0410,before,MSP1,790.3
SUBJ0410,during,AMA1,2182.99
SUBJ0410,during,CSP,6912.67
SUBJ0410,during,EBA175,1799.09
SUBJ0410,during,GLURP,539.7
SUBJ0410,during,MSP1,877.07
SUBJ0411,before,AMA1,408.12
SUBJ0411,before,CSP,330.6
SUBJ0411,before,EBA175,2477.98
SUBJ0411,before,GLURP,771.94
SUBJ0411,before,MSP1,614.05
SUBJ0411,during,AMA1,181.83
SUBJ0411,during,CSP,343.16
SUBJ0411,during,EBA175,240.62
SUBJ0411,during,GLURP,979.88
SUBJ0411,during,MSP1,1217.82
SUBJ0412,before,AMA1,60.56
SUBJ0412,before,CSP,17.24
SUBJ0412,before,EBA175,127.25
SUBJ0412,before,GLURP,43.04
SUBJ0412,before,MSP1,38.97
SUBJ0412,during,AMA1,115.9
SUBJ0412,during,CSP,249.23
SUBJ0412,during,EBA175,177.81
SUBJ0412,during,GLURP,47.87
SUBJ0412,during,MSP1,131.2
SUBJ0413,before,AMA1,364
SUBJ0413,before,CSP,969.76
SUBJ0413,before,EBA175,2522.95
SUBJ0413,before,GLURP,338.13
SUBJ0413,before,MSP1,1299.08
SUBJ0413,during,AMA1,1893.12
SUBJ0413,during,CSP,1839.41
SUBJ0413,during,EBA175,435.52
SUBJ0413,during,GLURP,218.74
SUBJ0413,during,MSP1,869
SUBJ0414,during,AMA1,5208.18
SUBJ0414,during,CSP,2012.56
SUBJ0414,during,EBA175,22179.86
SUBJ0414,during,GLURP,2866.88
SUBJ0414,during,MSP1,7563.63
SUBJ0415,before,AMA1,2082.75
SUBJ0415,before,CSP,3804.31
SUBJ0415,before,EBA175,759.91
SUBJ0415,before,GLURP,511.37
SUBJ0415,before,MSP1,1356.33
SUBJ0415,during,AMA1,106.62
SUBJ0415,during,CSP,1696.19
SUBJ0415,during,EBA175,749.16
SUBJ0415,during,GLURP,423.02
SUBJ0415,during,MSP1,2237.77
SUBJ0416,before,AMA1,405.3
SUBJ0416,before,CSP,2229.02
SUBJ0416,before,EBA175,951.83
SUBJ0416,before,GLURP,775.92
SUBJ0416,before,MSP1,2812.54
SUBJ0416,during,AMA1,449.98
SUBJ0416,during,CSP,518.64
SUBJ0416,during,EBA175,4451.14
SUBJ0416,during,GLURP,237.68
SUBJ0416,during,MSP1,1911.72
SUBJ0417,before,AMA1,2065.73
SUBJ0417,before,CSP,1337.27
SUBJ0417,before,EBA175,3230.69
SUBJ0417,before,GLURP,1037.01
SUBJ0417,before,MSP1,1053.36
SUBJ0417,during,AMA1,3267.04
SUBJ0417,during,CSP,3540.15
SUBJ0417,during,EBA175,3513.51
SUBJ0417,during,GLURP,1218.27
SUBJ0417,during,MSP1,878.39
SUBJ0418,before,AMA1,78.86
SUBJ0418,before,CSP,54.3
SUBJ0418,before,EBA175,86.17
SUBJ0418,before,GLURP,10.4
SUBJ0418,before,MSP1,356.78
SUBJ0418,during,AMA1,341.95
SUBJ0418,during,CSP,175.11
SUBJ0418,during,EBA175,281.63
SUBJ0418,during,GLURP,205.17
SUBJ0418,during,MSP1,81.29
SUBJ0419,before,AMA1,3442.8
SUBJ0419,before,CSP,3233.4
SUBJ0419,before,EBA175,1796.96
SUBJ0419,before,GLURP,3707.77
SUBJ0419,before,MSP1,2088.26
SUBJ0419,during,AMA1,2825.01
SUBJ0419,during,CSP,4126.36
SUBJ0419,during,EBA175,1448.94
SUBJ0419,during,GLURP,1494.85
SUBJ0419,during,MSP1,2063.15
SUBJ0420,before,AMA1,108.34
SUBJ0420,before,CSP,148.64
SUBJ0420,before,EBA175,179.99
SUBJ0420,before,GLURP,40.31
SUBJ0420,before,MSP1,114.55
SUBJ0420,during,AMA1,274.98
SUBJ0420,during,CSP,124.36
SUBJ0420,during,EBA175,243.42
SUBJ0420,during,GLURP,34.75
SUBJ0420,during,MSP1,71.58
SUBJ0421,before,AMA1,836.23
SUBJ0421,before,CSP,799.58
SUBJ0421,before,EBA175,12202.13
SUBJ0421,before,GLURP,1432.26
SUBJ0421,before,MSP1,3110.77
SUBJ0421,during,AMA1,15424.2
SUBJ0421,during,CSP,706.07
SUBJ0421,during,EBA175,6862.1
SUBJ0421,during,GLURP,11159.07
SUBJ0421,during,MSP1,4960.15
SUBJ0422,before,AMA1,3333.37
SUBJ0422,before,CSP,435.65
SUBJ0422,before,EBA175,2093.56
SUBJ0422,before,GLURP,857.75
SUBJ0422,before,MSP1,2237.45
SUBJ0422,during,AMA1,1832.79
SUBJ0422,during,CSP,896.32
SUBJ0422,during,EBA175,591.76
SUBJ0422,during,GLURP,232.43
SUBJ0422,during,MSP1,2413.23
SUBJ0423,before,AMA1,518.58
SUBJ0423,before,CSP,88.4
SUBJ0423,before,EBA175,69.52
SUBJ0423,before,GLURP,31.66
SUBJ0423,before,MSP1,114.69
SUBJ0423,during,AMA1,154.86
SUBJ0423,during,CSP,218.27
SUBJ0423,during,EBA175,407.76
SUBJ0423,during,GLURP,761.71
SUBJ0423,during,MSP1,79.01
SUBJ0424,before,AMA1,1413.89
SUBJ0424,before,CSP,134.11
SUBJ0424,before,EBA175,1366.21
SUBJ0424,before,GLURP,498.76
SUBJ0424,before,MSP1,2453.78
SUBJ0424,during,AMA1,6446.18
SUBJ0424,during,CSP,3821.4
SUBJ0424,during,EBA175,6514.22
SUBJ0424,during,GLURP,987.13
SUBJ0424,during,MSP1,753.98
SUBJ0425,before,AMA1,1804.2
SUBJ0425,before,CSP,418.82
SUBJ0425,before,EBA175,2677.66
SUBJ0425,before,GLURP,387.16
SUBJ0425,before,MSP1,754.59
SUBJ0425,during,AMA1,1869.98
SUBJ0425,during,CSP,1135.69
SUBJ0425,during,EBA175,2421.32
SUBJ0425,during,GLURP,1033.79
SUBJ0425,during,MSP1,925.73
SUBJ0426,before,AMA1,867.36
SUBJ0426,before,CSP,5123.99
SUBJ0426,before,EBA175,2988.95
SUBJ0426,before,GLURP,4310.79
SUBJ0426,before,MSP1,7291.18
SUBJ0426,during,AMA1,3320.01
SUBJ0426,during,CSP,574.37
SUBJ0426,during,EBA175,3130.26
SUBJ0426,during,GLURP,2045.77
SUBJ0426,during,MSP1,3746.36
SUBJ0427,before,AMA1,2980.68
SUBJ0427,before,CSP,531.25
SUBJ0427,before,EBA175,902.81
SUBJ0427,before,GLURP,791.23
SUBJ0427,before,MSP1,308.68
SUBJ0427,during,AMA1,665.41
SUBJ0427,during,CSP,145
SUBJ0427,during,EBA175,6875.05
SUBJ0427,during,GLURP,290.79
SUBJ0427,during,MSP1,1838
SUBJ0428,before,AMA1,7440.48
SUBJ0428,before,CSP,12081.89
SUBJ0428,before,EBA175,4590
SUBJ0428,before,GLURP,5254.29
SUBJ0428,before,MSP1,5290.83
SUBJ0428,during,AMA1,6389.1
SUBJ0428,during,CSP,2970.02
SUBJ0428,during,EBA175,3330.1
SUBJ0428,during,GLURP,3648.92
SUBJ0428,during,MSP1,10867.01
SUBJ0429,before,AMA1,94.44
SUBJ0429,before,CSP,142.02
SUBJ0429,before,EBA175,84.82
SUBJ0429,before,GLURP,114.61
SUBJ0429,before,MSP1,56.62
SUBJ0429,during,AMA1,46.59
SUBJ0429,during,CSP,179.13
SUBJ0429,during,EBA175,442.04
SUBJ0429,during,GLURP,75.56
SUBJ0429,during,MSP1,342.49
SUBJ0430,before,AMA1,18.21
SUBJ0430,before,CSP,47.75
SUBJ0430,before,EBA175,57.92
SUBJ0430,before,GLURP,55.13
SUBJ0430,before,MSP1,101.64
SUBJ0430,during,AMA1,429.56
SUBJ0430,during,CSP,110.45
SUBJ0430,during,EBA175,255.58
SUBJ0430,during,GLURP,35.63
SUBJ0430,during,MSP1,42.15
SUBJ0431,before,AMA1,472.07
SUBJ0431,before,CSP,4432.01
SUBJ0431,before,EBA175,2357.58
SUBJ0431,before,GLURP,1651
SUBJ0431,before,MSP1,1780.46
SUBJ0431,during,AMA1,1230.85
SUBJ0431,during,CSP,1195.08
SUBJ0431,during,EBA175,5567.35
SUBJ0431,during,GLURP,3954.38
SUBJ0431,during,MSP1,1515.4
SUBJ0432,during,AMA1,2166.42
SUBJ0432,during,CSP,871.2
SUBJ0432,during,EBA175,3141.86
SUBJ0432,during,GLURP,69.95
SUBJ0432,during,MSP1,136.97
SUBJ0433,before,AMA1,526.94
SUBJ0433,before,CSP,630.31
SUBJ0433,before,EBA175,1039.99
SUBJ0433,before,GLURP,752.3
SUBJ0433,before,MSP1,501.62
SUBJ0433,during,AMA1,1140.97
SUBJ0433,during,CSP,187.25
SUBJ0433,during,EBA175,1521.53
SUBJ0433,during,GLURP,43.74
SUBJ0433,during,MSP1,392.92
SUBJ0434,before,AMA1,1338.84
SUBJ0434,before,CSP,6138.72
SUBJ0434,before,EBA175,519.53
SUBJ0434,before,GLURP,3563.77
SUBJ0434,before,MSP1,4108.46
SUBJ0434,during,AMA1,1235.08
SUBJ0434,during,CSP,3670.63
SUBJ0434,during,EBA175,5924.38
SUBJ0434,during,GLURP,1196.45
SUBJ0434,during,MSP1,3071.76
SUBJ0435,before,AMA1,4751.54
SUBJ0435,before,CSP,812.11
SUBJ0435,before,EBA175,2863.72
SUBJ0435,before,GLURP,640.85
SUBJ0435,before,MSP1,539.96
SUBJ0435,during,AMA1,2525.69
SUBJ0435,during,CSP,1084.35
SUBJ0435,during,EBA175,4861.41
SUBJ0435,during,GLURP,3066.59
SUBJ0435,during,MSP1,5261.56
SUBJ0436,before,AMA1,1187.36
SUBJ0436,before,CSP,1175.28
SUBJ0436,before,EBA175,3719.81
SUBJ0436,before,GLURP,579.03
SUBJ0436,before,MSP1,1969.26
SUBJ0436,during,AMA1,1381.07
SUBJ0436,during,CSP,1669.94
SUBJ0436,during,EBA175,3802.61
SUBJ0436,during,GLURP,863.27
SUBJ0436,during,MSP1,1563.53
SUBJ0437,before,AMA1,3477.27
SUBJ0437,before,CSP,683
SUBJ0437,before,EBA175,2952.51
SUBJ0437,before,GLURP,19609.44
SUBJ0437,before,MSP1,1161.24
SUBJ0437,during,AMA1,1889.23
SUBJ0437,during,CSP,3005.91
SUBJ0437,during,EBA175,3100.33
SUBJ0437,during,GLURP,1567.49
SUBJ0437,during,MSP1,7322.34
SUBJ0438,before,AMA1,1507.75
SUBJ0438,before,CSP,5137.99
SUBJ0438,before,EBA175,1328.25
SUBJ0438,before,GLURP,2548.86
SUBJ0438,before,MSP1,2261.02
SUBJ0438,during,AMA1,970.21
SUBJ0438,during,CSP,979.45
SUBJ0438,during,EBA175,2932.97
SUBJ0438,during,GLURP,857.59
SUBJ0438,during,MSP1,805.63
SUBJ0439,before,AMA1,127.71
SUBJ0439,before,CSP,77.25
SUBJ0439,before,EBA175,146.52
SUBJ0439,before,GLURP,162.17
SUBJ0439,before,MSP1,93.72
SUBJ0439,during,AMA1,1017.25
SUBJ0439,during,CSP,373.14
SUBJ0439,during,EBA175,540.54
SUBJ0439,during,GLURP,154.65
SUBJ0439,during,MSP1,146.68
SUBJ0440,before,AMA1,3312.67
SUBJ0440,before,CSP,3475.14
SUBJ0440,before,EBA175,3994.32
SUBJ0440,before,GLURP,1880.17
SUBJ0440,before,MSP1,1533.46
SUBJ0440,during,AMA1,889.58
SUBJ0440,during,CSP,1467.27
SUBJ0440,during,EBA175,3527.36
SUBJ0440,during,GLURP,700.73
SUBJ0440,during,MSP1,4150.92
SUBJ0441,before,AMA1,608.19
SUBJ0441,before,CSP,79.34
SUBJ0441,before,EBA175,638.68
SUBJ0441,before,GLURP,92.9
SUBJ0441,before,MSP1,199.66
SUBJ0441,during,AMA1,364.26
SUBJ0441,during,CSP,1758.95
SUBJ0441,during,EBA175,296.9
SUBJ0441,during,GLURP,318.1
SUBJ0441,during,MSP1,2186.1
SUBJ0442,before,AMA1,474.5
SUBJ0442,before,CSP,1239.38
SUBJ0442,before,EBA175,645.23
SUBJ0442,before,GLURP,1216.48
SUBJ0442,before,MSP1,309.99
SUBJ0442,during,AMA1,818.56
SUBJ0442,during,CSP,36.51
SUBJ0442,during,EBA175,4250.29
SUBJ0442,during,GLURP,114
SUBJ0442,during,MSP1,426.85
SUBJ0443,before,AMA1,24928.36
SUBJ0443,before,CSP,4201.61
SUBJ0443,before,EBA175,1170.17
SUBJ0443,before,GLURP,1549.86
SUBJ0443,before,MSP1,2942.16
SUBJ0443,during,AMA1,4070.32
SUBJ0443,during,CSP,9515.31
SUBJ0443,during,EBA175,2495.94
SUBJ0443,during,GLURP,4222.17
SUBJ0443,during,MSP1,4070.72
SUBJ0444,before,AMA1,935.45
SUBJ0444,before,CSP,349.27
SUBJ0444,before,EBA175,2537.68
SUBJ0444,before,GLURP,418.1
SUBJ0444,before,MSP1,2590.9
SUBJ0444,during,AMA1,1265.64
SUBJ0444,during,CSP,1519.12
SUBJ0444,during,EBA175,3536.02
SUBJ0444,during,GLURP,474.91
SUBJ0444,during,MSP1,314.06
SUBJ0445,before,AMA1,3440.73
SUBJ0445,before,CSP,2722.8
SUBJ0445,before,EBA175,14617.83
SUBJ0445,before,GLURP,107.67
SUBJ0445,before,MSP1,3105.56
SUBJ0445,during,AMA1,6667.28
SUBJ0445,during,CSP,1332.69
SUBJ0445,during,EBA175,701.36
SUBJ0445,during,GLURP,2088.39
SUBJ0445,during,MSP1,1032.92
SUBJ0446,before,AMA1,542.15
SUBJ0446,before,CSP,3296.52
SUBJ0446,before,EBA175,315.03
SUBJ0446,before,GLURP,542.76
SUBJ0446,before,MSP1,1739.65
SUBJ0446,during,AMA1,2506.59
SUBJ0446,during,CSP,101.42
SUBJ0446,during,EBA175,565.2
SUBJ0446,during,GLURP,2436.75
SUBJ0446,during,MSP1,914.21
SUBJ0447,before,AMA1,2053.75
SUBJ0447,before,CSP,814.9
SUBJ0447,before,EBA175,1341.94
SUBJ0447,before,GLURP,912.2
SUBJ0447,before,MSP1,577.17
SUBJ0447,during,AMA1,1127.73
SUBJ0447,during,CSP,1639.09
SUBJ0447,during,EBA175,630.48
SUBJ0447,during,GLURP,813.38
SUBJ0447,during,MSP1,3061.1
SUBJ0448,before,AMA1,237.17
SUBJ0448,before,CSP,7.48
SUBJ0448,before,EBA175,201.32
SUBJ0448,before,GLURP,32
SUBJ0448,before,MSP1,15.43
SUBJ0448,during,AMA1,376.58
SUBJ0448,during,CSP,100.43
SUBJ0448,during,EBA175,92.23
SUBJ0448,during,GLURP,68.99
SUBJ0448,during,MSP1,124.19
SUBJ0449,before,AMA1,680.07
SUBJ0449,before,CSP,798.86
SUBJ0449,before,EBA175,197.53
SUBJ0449,before,GLURP,598.65
SUBJ0449,before,MSP1,78.35
SUBJ0449,during,AMA1,728.95
SUBJ0449,during,CSP,182.67
SUBJ0449,during,EBA175,715.67
SUBJ0449,during,GLURP,107.72
SUBJ0449,during,MSP1,79.97
SUBJ0450,before,AMA1,1267.92
SUBJ0450,before,CSP,733.5
SUBJ0450,before,EBA175,974.21
SUBJ0450,before,GLURP,383.92
SUBJ0450,before,MSP1,2998.81
SUBJ0450,during,AMA1,2365.75
SUBJ0450,during,CSP,546.84
SUBJ0450,during,EBA175,1738.56
SUBJ0450,during,GLURP,123.9
SUBJ0450,during,MSP1,1425.93
SUBJ0451,before,AMA1,172.68
SUBJ0451,before,CSP,1164.55
SUBJ0451,before,EBA175,556.6
SUBJ0451,before,GLURP,221.55
SUBJ0451,before,MSP1,348.8
SUBJ0451,during,AMA1,1795.82
SUBJ0451,during,CSP,469.46
SUBJ0451,during,EBA175,430.05
SUBJ0451,during,GLURP,664.22
SUBJ0451,during,MSP1,2697.98
SUBJ0452,before,AMA1,1715.78
SUBJ0452,before,CSP,1382.05
SUBJ0452,before,EBA175,10011.33
SUBJ0452,before,GLURP,2499.99
SUBJ0452,before,MSP1,2436.13
SUBJ0452,during,AMA1,2054.83
SUBJ0452,during,CSP,1603.61
SUBJ0452,during,EBA175,15759.6
SUBJ0452,during,GLURP,2252.09
SUBJ0452,during,MSP1,1994.5
SUBJ0453,before,AMA1,84.68
SUBJ0453,before,CSP,49.15
SUBJ0453,before,EBA175,164.31
SUBJ0453,before,GLURP,192.06
SUBJ0453,before,MSP1,9.81
SUBJ0453,during,AMA1,94.64
SUBJ0453,during,CSP,375.64
SUBJ0453,during,EBA175,151.4
SUBJ0453,during,GLURP,80.18
SUBJ0453,during,MSP1,81.54
SUBJ0454,before,AMA1,1852.89
SUBJ0454,before,CSP,1303.2
SUBJ0454,before,EBA175,4280.92
SUBJ0454,before,GLURP,1694.38
SUBJ0454,before,MSP1,3413.48
SUBJ0454,during,AMA1,3229.16
SUBJ0454,during,CSP,1948.86
SUBJ0454,during,EBA175,1878.4
SUBJ0454,during,GLURP,623.31
SUBJ0454,during,MSP1,6518.25
SUBJ0455,before,AMA1,12823.75
SUBJ0455,before,CSP,1362.38
SUBJ0455,before,EBA175,5346.25
SUBJ0455,before,GLURP,394.75
SUBJ0455,before,MSP1,648.45
SUBJ0455,during,AMA1,631.02
SUBJ0455,during,CSP,4236.69
SUBJ0455,during,EBA175,13010.35
SUBJ0455,during,GLURP,2447.27
SUBJ0455,during,MSP1,3247.61
SUBJ0456,before,AMA1,366.9
SUBJ0456,before,CSP,1676.33
SUBJ0456,before,EBA175,4522.81
SUBJ0456,before,GLURP,723.78
SUBJ0456,before,MSP1,938.27
SUBJ0456,during,AMA1,481.62
SUBJ0456,during,CSP,216.45
SUBJ0456,during,EBA175,4922.16
SUBJ0456,during,GLURP,542.05
SUBJ0456,during,MSP1,1923.98
SUBJ0457,before,AMA1,462.32
SUBJ0457,before,CSP,13.89
SUBJ0457,before,EBA175,204.9
SUBJ0457,before,GLURP,35.75
SUBJ0457,before,MSP1,12.15
SUBJ0457,during,AMA1,572.95
SUBJ0457,during,CSP,96.15
SUBJ0457,during,EBA175,345.39
SUBJ0457,during,GLURP,117.12
SUBJ0457,during,MSP1,250.69
SUBJ0458,before,AMA1,400.7
SUBJ0458,before,CSP,509.08
SUBJ0458,before,EBA175,155.35
SUBJ0458,before,GLURP,62.3
SUBJ0458,before,MSP1,843.96
SUBJ0458,during,AMA1,1490.69
SUBJ0458,during,CSP,228.41
SUBJ0458,during,EBA175,176.87
SUBJ0458,during,GLURP,532.38
SUBJ0458,during,MSP1,151.19
SUBJ0459,before,AMA1,5079.1
SUBJ0459,before,CSP,149.03
SUBJ0459,before,EBA175,1485.9
SUBJ0459,before,GLURP,202.36
SUBJ0459,before,MSP1,761.54
SUBJ0459,during,AMA1,941.15
SUBJ0459,during,CSP,705.23
SUBJ0459,during,EBA175,2509.77
SUBJ0459,during,GLURP,603.1
SUBJ0459,during,MSP1,590.7
SUBJ0460,before,AMA1,3350.59
SUBJ0460,before,CSP,1292.38
SUBJ0460,before,EBA175,1944.36
SUBJ0460,before,GLURP,2384.22
SUBJ0460,before,MSP1,684.36
SUBJ0460,during,AMA1,566.73
SUBJ0460,during,CSP,479.46
SUBJ0460,during,EBA175,973.71
SUBJ0460,during,GLURP,251.58
SUBJ0460,during,MSP1,236.1
SUBJ0461,before,AMA1,2476.99
SUBJ0461,before,CSP,369.7
SUBJ0461,before,EBA175,5956.87
SUBJ0461,before,GLURP,1352.28
SUBJ0461,before,MSP1,2296.93
SUBJ0461,during,AMA1,11340.89
SUBJ0461,during,CSP,4106.06
SUBJ0461,during,EBA175,568.24
SUBJ0461,during,GLURP,409.94
SUBJ0461,during,MSP1,14774.4
SUBJ0462,before,AMA1,3292.28
SUBJ0462,before,CSP,3078.72
SUBJ0462,before,EBA175,9610.68
SUBJ0462,before,GLURP,3470.35
SUBJ0462,before,MSP1,6286.45
SUBJ0462,during,AMA1,1249.26
SUBJ0462,during,CSP,1907.22
SUBJ0462,during,EBA175,2137.64
SUBJ0462,during,GLURP,2762.76
SUBJ0462,during,MSP1,3747.14
SUBJ0463,before,AMA1,19.75
SUBJ0463,before,CSP,53.51
SUBJ0463,before,EBA175,255.24
SUBJ0463,before,GLURP,36.02
SUBJ0463,before,MSP1,16.07
SUBJ0463,during,AMA1,286.09
SUBJ0463,during,CSP,74.96
SUBJ0463,during,EBA175,27.26
SUBJ0463,during,GLURP,28.45
SUBJ0463,during,MSP1,318.94
SUBJ0464,before,AMA1,2008.17
SUBJ0464,before,CSP,5025.05
SUBJ0464,before,EBA175,4689.26
SUBJ0464,before,GLURP,2336.49
SUBJ0464,before,MSP1,2802.86
SUBJ0464,during,AMA1,2395.21
SUBJ0464,during,CSP,2927.09
SUBJ0464,during,EBA175,7443.6
SUBJ0464,during,GLURP,4711.63
SUBJ0464,during,MSP1,1590.07
SUBJ0465,before,AMA1,1482.32
SUBJ0465,before,CSP,355.86
SUBJ0465,before,EBA175,276.9
SUBJ0465,before,GLURP,496.4
SUBJ0465,before,MSP1,1331.83
SUBJ0465,during,AMA1,1126.02
SUBJ0465,during,CSP,551.58
SUBJ0465,during,EBA175,2353.1
SUBJ0465,during,GLURP,364.08
SUBJ0465,during,MSP1,466.86
SUBJ0466,before,AMA1,70.22
SUBJ0466,before,CSP,197.6
SUBJ0466,before,EBA175,185.17
SUBJ0466,before,GLURP,254.97
SUBJ0466,before,MSP1,92.94
SUBJ0466,during,AMA1,596.96
SUBJ0466,during,CSP,615.53
SUBJ0466,during,EBA175,221.81
SUBJ0466,during,GLURP,151.92
SUBJ0466,during,MSP1,159.62
SUBJ0467,before,AMA1,1788.42
SUBJ0467,before,CSP,258.06
SUBJ0467,before,EBA175,836.96
SUBJ0467,before,GLURP,1112.1
SUBJ0467,before,MSP1,2198.77
SUBJ0467,during,AMA1,455.26
SUBJ0467,during,CSP,194.33
SUBJ0467,during,EBA175,1032.76
SUBJ0467,during,GLURP,1185.34
SUBJ0467,during,MSP1,862.51
SUBJ0468,before,AMA1,627.85
SUBJ0468,before,CSP,3614.79
SUBJ0468,before,EBA175,3067.2
SUBJ0468,before,GLURP,3793.61
SUBJ0468,before,MSP1,1447.56
SUBJ0468,during,AMA1,281.67
SUBJ0468,during,CSP,3199.84
SUBJ0468,during,EBA175,7013.45
SUBJ0468,during,GLURP,2631.41
SUBJ0468,during,MSP1,6673.66
SUBJ0469,before,AMA1,1611.84
SUBJ0469,before,CSP,829.45
SUBJ0469,before,EBA175,2940.03
SUBJ0469,before,GLURP,180.56
SUBJ0469,before,MSP1,782.66
SUBJ0469,during,AMA1,789.42
SUBJ0469,during,CSP,562.1
SUBJ0469,during,EBA175,1494.04
SUBJ0469,during,GLURP,580.72
SUBJ0469,during,MSP1,2663.97
SUBJ0470,before,AMA1,3341.91
SUBJ0470,before,CSP,7978.76
SUBJ0470,before,EBA175,3811.73
SUBJ0470,before,GLURP,3107.48
SUBJ0470,before,MSP1,788.92
SUBJ0470,during,AMA1,8016.24
SUBJ0470,during,CSP,415.18
SUBJ0470,during,EBA175,1095.04
SUBJ0470,during,GLURP,1877.25
SUBJ0470,during,MSP1,1003.06
SUBJ0471,before,AMA1,6083.12
SUBJ0471,before,CSP,2232.34
SUBJ0471,before,EBA175,5621.95
SUBJ0471,before,GLURP,2360.57
SUBJ0471,before,MSP1,522.81
SUBJ0471,during,AMA1,3692.96
SUBJ0471,during,CSP,1434.61
SUBJ0471,during,EBA175,9870.18
SUBJ0471,during,GLURP,660.43
SUBJ0471,during,MSP1,588.28
SUBJ0472,before,AMA1,4579.26
SUBJ0472,before,CSP,2322.18
SUBJ0472,before,EBA175,3503.1
SUBJ0472,before,GLURP,840.12
SUBJ0472,before,MSP1,3480.62
SUBJ0472,during,AMA1,9776
SUBJ0472,during,CSP,6870.47
SUBJ0472,during,EBA175,1463.98
SUBJ0472,during,GLURP,3037.85
SUBJ0472,during,MSP1,16925.76
SUBJ0473,before,AMA1,271.89
SUBJ0473,before,CSP,29.25
SUBJ0473,before,EBA175,197.34
SUBJ0473,before,GLURP,50.05
SUBJ0473,before,MSP1,135.84
SUBJ0474,before,AMA1,687.98
SUBJ0474,before,CSP,673.86
SUBJ0474,before,EBA175,223.45
SUBJ0474,before,GLURP,359.69
SUBJ0474,before,MSP1,393.15
SUBJ0474,during,AMA1,317.13
SUBJ0474,during,CSP,479.19
SUBJ0474,during,EBA175,997.98
SUBJ0474,during,GLURP,478.98
SUBJ0474,during,MSP1,1795.24
SUBJ0475,before,AMA1,3806.94
SUBJ0475,before,CSP,1404.47
SUBJ0475,before,EBA175,15476.31
SUBJ0475,before,GLURP,2236.67
SUBJ0475,before,MSP1,1046.78
SUBJ0475,during,AMA1,4157.53
SUBJ0475,during,CSP,1590.59
SUBJ0475,during,EBA175,2349.35
SUBJ0475,during,GLURP,3912.61
SUBJ0475,during,MSP1,2934.91
SUBJ0476,before,AMA1,645.06
SUBJ0476,before,CSP,39.62
SUBJ0476,before,EBA175,474.6
SUBJ0476,before,GLURP,18.08
SUBJ0476,before,MSP1,126.81
SUBJ0476,during,AMA1,411.81
SUBJ0476,during,CSP,593.62
SUBJ0476,during,EBA175,721.02
SUBJ0476,during,GLURP,119.09
SUBJ0476,during,MSP1,14.55
SUBJ0477,before,AMA1,280.48
SUBJ0477,before,CSP,101.97
SUBJ0477,before,EBA175,85.49
SUBJ0477,before,GLURP,203.74
SUBJ0477,before,MSP1,86.72
SUBJ0477,during,AMA1,515.44
SUBJ0477,during,CSP,82.09
SUBJ0477,during,EBA175,1825.04
SUBJ0477,during,GLURP,270.34
SUBJ0477,during,MSP1,252.63
SUBJ0478,before,AMA1,1155.23
SUBJ0478,before,CSP,308.24
SUBJ0478,before,EBA175,1860.7
SUBJ0478,before,GLURP,402.83
SUBJ0478,before,MSP1,739.02
SUBJ0478,during,AMA1,705.07
SUBJ0478,during,CSP,617.19
SUBJ0478,during,EBA175,1983.64
SUBJ0478,during,GLURP,189.31
SUBJ0478,during,MSP1,2015.38
SUBJ0479,before,AMA1,5054.54
SUBJ0479,before,CSP,991.64
SUBJ0479,before,EBA175,8296.3
SUBJ0479,before,GLURP,851.53
SUBJ0479,before,MSP1,6491.19
SUBJ0479,during,AMA1,3687.96
SUBJ0479,during,CSP,808.8
SUBJ0479,during,EBA175,11833.35
SUBJ0479,during,GLURP,3985.6
SUBJ0479,during,MSP1,5549.3
SUBJ0480,before,AMA1,1855.7
SUBJ0480,before,CSP,911.75
SUBJ0480,before,EBA175,1762.85
SUBJ0480,before,GLURP,757.86
SUBJ0480,before,MSP1,6969.61
SUBJ0480,during,AMA1,1354.79
SUBJ0480,during,CSP,1747.44
SUBJ0480,during,EBA175,3784.46
SUBJ0480,during,GLURP,1166.98
SUBJ0480,during,MSP1,2086.54
SUBJ0481,before,AMA1,1247.9
SUBJ0481,before,CSP,311.93
SUBJ0481,before,EBA175,3183.47
SUBJ0481,before,GLURP,363.83
SUBJ0481,before,MSP1,374.72
SUBJ0481,during,AMA1,781.46
SUBJ0481,during,CSP,307.63
SUBJ0481,during,EBA175,325.24
SUBJ0481,during,GLURP,202.78
SUBJ0481,during,MSP1,1465.17
SUBJ0482,before,AMA1,2052.83
SUBJ0482,before,CSP,3805.64
SUBJ0482,before,EBA175,3717.73
SUBJ0482,before,GLURP,3979.6
SUBJ0482,before,MSP1,3500.96
SUBJ0482,during,AMA1,6216.77
SUBJ0482,during,CSP,17421.16
SUBJ0482,during,EBA175,16403.02
SUBJ0482,during,GLURP,1234.75
SUBJ0482,during,MSP1,1746.46
SUBJ0483,before,AMA1,601.82
SUBJ0483,before,CSP,82.13
SUBJ0483,before,EBA175,200.36
SUBJ0483,before,GLURP,236.18
SUBJ0483,before,MSP1,424.08
SUBJ0483,during,AMA1,229.98
SUBJ0483,during,CSP,98.79
SUBJ0483,during,EBA175,248.57
SUBJ0483,during,GLURP,1040.95
SUBJ0483,during,MSP1,468.04
SUBJ0484,before,AMA1,84.19
SUBJ0484,before,CSP,258.82
SUBJ0484,before,EBA175,965.65
SUBJ0484,before,GLURP,590.38
SUBJ0484,before,MSP1,369.54
SUBJ0485,before,AMA1,45.9
SUBJ0485,before,CSP,60.71
SUBJ0485,before,EBA175,369.64
SUBJ0485,before,GLURP,32.08
SUBJ0485,before,MSP1,31.07
SUBJ0485,during,AMA1,141.32
SUBJ0485,during,CSP,287.1
SUBJ0485,during,EBA175,129.48
SUBJ0485,during,GLURP,233.15
SUBJ0485,during,MSP1,206.52
SUBJ0486,before,AMA1,1756.28
SUBJ0486,before,CSP,2021.76
SUBJ0486,before,EBA175,643.87
SUBJ0486,before,GLURP,248.23
SUBJ0486,before,MSP1,916.5
SUBJ0486,during,AMA1,1036.26
SUBJ0486,during,CSP,807.2
SUBJ0486,during,EBA175,322.8
SUBJ0486,during,GLURP,675.87
SUBJ0486,during,MSP1,853.02
SUBJ0487,before,AMA1,2138.43
SUBJ0487,before,CSP,233.09
SUBJ0487,before,EBA175,647.39
SUBJ0487,before,GLURP,788.93
SUBJ0487,before,MSP1,1672.88
SUBJ0487,during,AMA1,591.62
SUBJ0487,during,CSP,1037.32
SUBJ0487,during,EBA175,359.22
SUBJ0487,during,GLURP,1545.15
SUBJ0487,during,MSP1,956.53
SUBJ0488,before,AMA1,1154.76
SUBJ0488,before,CSP,1057.11
SUBJ0488,before,EBA175,20676
SUBJ0488,before,GLURP,612.69
SUBJ0488,before,MSP1,15625.68
SUBJ0488,during,AMA1,12360.32
SUBJ0488,during,CSP,1065.71
SUBJ0488,during,EBA175,784.09
SUBJ0488,during,GLURP,493.44
SUBJ0488,during,MSP1,4968.93
SUBJ0489,before,AMA1,132.11
SUBJ0489,before,CSP,457.84
SUBJ0489,before,EBA175,1021.39
SUBJ0489,before,GLURP,592.2
SUBJ0489,before,MSP1,399.19
SUBJ0489,during,AMA1,117.73
SUBJ0489,during,CSP,2971.45
SUBJ0489,during,EBA175,825.58
SUBJ0489,during,GLURP,63.05
SUBJ0489,during,MSP1,544.79
SUBJ0490,before,AMA1,3253.71
SUBJ0490,before,CSP,3816.28
SUBJ0490,before,EBA175,5469.18
SUBJ0490,before,GLURP,491.39
SUBJ0490,before,MSP1,3040.79
SUBJ0490,during,AMA1,27106.84
SUBJ0490,during,CSP,722.56
SUBJ0490,during,EBA175,2939.13
SUBJ0490,during,GLURP,1246.59
SUBJ0490,during,MSP1,9231.79
SUBJ0491,before,AMA1,814.37
SUBJ0491,before,CSP,201.53
SUBJ0491,before,EBA175,868.15
SUBJ0491,before,GLURP,290.74
SUBJ0491,before,MSP1,1265.69
SUBJ0491,during,AMA1,2444.71
SUBJ0491,during,CSP,2088.05
SUBJ0491,during,EBA175,2229.97
SUBJ0491,during,GLURP,375.17
SUBJ0491,during,MSP1,851.32
SUBJ0492,before,AMA1,439.76
SUBJ0492,before,CSP,2165.3
SUBJ0492,before,EBA175,1314.69
SUBJ0492,before,GLURP,965.08
SUBJ0492,before,MSP1,2479.91
SUBJ0492,during,AMA1,1294.21
SUBJ0492,during,CSP,195.19
SUBJ0492,during,EBA175,1159.6
SUBJ0492,during,GLURP,931.45
SUBJ0492,during,MSP1,589.38
SUBJ0493,before,AMA1,4474.75
SUBJ0493,before,CSP,771.21
SUBJ0493,before,EBA175,13074.21
SUBJ0493,before,GLURP,623.99
SUBJ0493,before,MSP1,1352.67
SUBJ0493,during,AMA1,7068.81
SUBJ0493,during,CSP,1540.93
SUBJ0493,during,EBA175,13736.62
SUBJ0493,during,GLURP,482.2
SUBJ0493,during,MSP1,4991.71
SUBJ0494,before,AMA1,329.51
SUBJ0494,before,CSP,1276.77
SUBJ0494,before,EBA175,1250.88
SUBJ0494,before,GLURP,4284.83
SUBJ0494,before,MSP1,1172.81
SUBJ0494,during,AMA1,4159.66
SUBJ0494,during,CSP,3286.95
SUBJ0494,during,EBA175,5060.03
SUBJ0494,during,GLURP,1988.6
SUBJ0494,during,MSP1,732.37
SUBJ0495,before,AMA1,318.66
SUBJ0495,before,CSP,125.49
SUBJ0495,before,EBA175,1054.69
SUBJ0495,before,GLURP,73.88
SUBJ0495,before,MSP1,954.56
SUBJ0495,during,AMA1,224.25
SUBJ0495,during,CSP,220.44
SUBJ0495,during,EBA175,1228.22
SUBJ0495,during,GLURP,44.73
SUBJ0495,during,MSP1,240.32
SUBJ0496,before,AMA1,116.74
SUBJ0496,before,CSP,343.52
SUBJ0496,before,EBA175,1121.61
SUBJ0496,before,GLURP,136.12
SUBJ0496,before,MSP1,702.05
SUBJ0496,during,AMA1,1096.15
SUBJ0496,during,CSP,391.23
SUBJ0496,during,EBA175,2147.66
SUBJ0496,during,GLURP,308.75
SUBJ0496,during,MSP1,356.28
SUBJ0497,before,AMA1,1584.44
SUBJ0497,before,CSP,3009.3
SUBJ0497,before,EBA175,714.36
SUBJ0497,before,GLURP,2043.33
SUBJ0497,before,MSP1,1351.34
SUBJ0497,during,AMA1,254.95
SUBJ0497,during,CSP,4068.99
SUBJ0497,during,EBA175,2254.23
SUBJ0497,during,GLURP,2616.93
SUBJ0497,during,MSP1,2291.18
SUBJ0498,before,AMA1,149.89
SUBJ0498,before,CSP,262.99
SUBJ0498,before,EBA175,477.41
SUBJ0498,before,GLURP,236.27
SUBJ0498,before,MSP1,83.01
SUBJ0498,during,AMA1,75.19
SUBJ0498,during,CSP,119.47
SUBJ0498,during,EBA175,442.87
SUBJ0498,during,GLURP,314.46
SUBJ0498,during,MSP1,287.1
SUBJ0499,before,AMA1,1129.33
SUBJ0499,before,CSP,3814.95
SUBJ0499,before,EBA175,12095.33
SUBJ0499,before,GLURP,1197.52
SUBJ0499,before,MSP1,1627.57
SUBJ0499,during,AMA1,2802.39
SUBJ0499,during,CSP,2851.92
SUBJ0499,during,EBA175,5321.51
SUBJ0499,during,GLURP,546.35
SUBJ0499,during,MSP1,5200.7
SUBJ0500,before,AMA1,873.66
SUBJ0500,before,CSP,395.21
SUBJ0500,before,EBA175,136.97
SUBJ0500,before,GLURP,852.97
SUBJ0500,before,MSP1,276.96
SUBJ0500,during,AMA1,160.66
SUBJ0500,during,CSP,544.8
SUBJ0500,during,EBA175,171.15
SUBJ0500,during,GLURP,106.35
SUBJ0500,during,MSP1,217.8
SUBJ0501,before,AMA1,263.58
SUBJ0501,before,CSP,171.28
SUBJ0501,before,EBA175,3466.17
SUBJ0501,before,GLURP,343.19
SUBJ0501,before,MSP1,441.4
SUBJ0501,during,AMA1,1150.41
SUBJ0501,during,CSP,58.39
SUBJ0501,during,EBA175,317.2
SUBJ0501,during,GLURP,145.68
SUBJ0501,during,MSP1,122.59
SUBJ0502,before,AMA1,2701.62
SUBJ0502,before,CSP,761.48
SUBJ0502,before,EBA175,10538.61
SUBJ0502,before,GLURP,172.21
SUBJ0502,before,MSP1,1223.05
SUBJ0502,during,AMA1,1821.69
SUBJ0502,during,CSP,3342.64
SUBJ0502,during,EBA175,1124.42
SUBJ0502,during,GLURP,880.78
SUBJ0502,during,MSP1,1922.03
SUBJ0503,before,AMA1,433.67
SUBJ0503,before,CSP,159.8
SUBJ0503,before,EBA175,342.09
SUBJ0503,before,GLURP,321.98
SUBJ0503,before,MSP1,255.04
SUBJ0503,during,AMA1,2822.18
SUBJ0503,during,CSP,597.38
SUBJ0503,during,EBA175,83.93
SUBJ0503,during,GLURP,399.85
SUBJ0503,during,MSP1,1270.21
SUBJ0504,before,AMA1,1410.77
SUBJ0504,before,CSP,1854.35
SUBJ0504,before,EBA175,1214.42
SUBJ0504,before,GLURP,303.06
SUBJ0504,before,MSP1,320.39
SUBJ0504,during,AMA1,873.35
SUBJ0504,during,CSP,329.71
SUBJ0504,during,EBA175,680.42
SUBJ0504,during,GLURP,202.09
SUBJ0504,during,MSP1,481.39
SUBJ0505,before,AMA1,1208.54
SUBJ0505,before,CSP,914.67
SUBJ0505,before,EBA175,466.05
SUBJ0505,before,GLURP,385.03
SUBJ0505,before,MSP1,1264.75
SUBJ0505,during,AMA1,664.62
SUBJ0505,during,CSP,726.54
SUBJ0505,during,EBA175,3373.33
SUBJ0505,during,GLURP,2217.35
SUBJ0505,during,MSP1,1664.6
SUBJ0506,before,AMA1,426.76
SUBJ0506,before,CSP,215.68
SUBJ0506,before,EBA175,862.67
SUBJ0506,before,GLURP,65.75
SUBJ0506,before,MSP1,128.01
SUBJ0506,during,AMA1,1235.42
SUBJ0506,during,CSP,199.24
SUBJ0506,during,EBA175,1354.92
SUBJ0506,during,GLURP,234.09
SUBJ0506,during,MSP1,75.18
SUBJ0507,before,AMA1,1081.1
SUBJ0507,before,CSP,1170.98
SUBJ0507,before,EBA175,1926.56
SUBJ0507,before,GLURP,154.44
SUBJ0507,before,MSP1,121.95
SUBJ0507,during,AMA1,1197.46
SUBJ0507,during,CSP,316.9
SUBJ0507,during,EBA175,2423.26
SUBJ0507,during,GLURP,854.96
SUBJ0507,during,MSP1,410.71
SUBJ0508,before,AMA1,458.57
SUBJ0508,before,CSP,358.49
SUBJ0508,before,EBA175,742.05
SUBJ0508,before,GLURP,688.52
SUBJ0508,before,MSP1,43.34
SUBJ0508,during,AMA1,1204.04
SUBJ0508,during,CSP,76.4
SUBJ0508,during,EBA175,724.31
SUBJ0508,during,GLURP,426.55
SUBJ0508,during,MSP1,917.16
SUBJ0509,before,AMA1,5174.53
SUBJ0509,before,CSP,216.04
SUBJ0509,before,EBA175,680.33
SUBJ0509,before,GLURP,855.85
SUBJ0509,before,MSP1,245.56
SUBJ0509,during,AMA1,499.16
SUBJ0509,during,CSP,144.04
SUBJ0509,during,EBA175,189.53
SUBJ0509,during,GLURP,139
SUBJ0509,during,MSP1,165.95
SUBJ0510,before,AMA1,13320.82
SUBJ0510,before,CSP,4040.07
SUBJ0510,before,EBA175,2754.74
SUBJ0510,before,GLURP,1734.53
SUBJ0510,before,MSP1,1336
SUBJ0510,during,AMA1,3403.46
SUBJ0510,during,CSP,1410.79
SUBJ0510,during,EBA175,24128.29
SUBJ0510,during,GLURP,17536.83
SUBJ0510,during,MSP1,5267.03
SUBJ0511,before,AMA1,385.43
SUBJ0511,before,CSP,153.21
SUBJ0511,before,EBA175,2623.26
SUBJ0511,before,GLURP,401.26
SUBJ0511,before,MSP1,1076.72
SUBJ0511,during,AMA1,961.63
SUBJ0511,during,CSP,874.07
SUBJ0511,during,EBA175,4424.24
SUBJ0511,during,GLURP,429.5
SUBJ0511,during,MSP1,739.64
SUBJ0512,before,AMA1,812.16
SUBJ0512,before,CSP,342.38
SUBJ0512,before,EBA175,1214.1
SUBJ0512,before,GLURP,1694.02
SUBJ0512,before,MSP1,9015.14
SUBJ0512,during,AMA1,1654.29
SUBJ0512,during,CSP,716.79
SUBJ0512,during,EBA175,7866.62
SUBJ0512,during,GLURP,372.52
SUBJ0512,during,MSP1,2878.98
SUBJ0513,before,AMA1,617.99
SUBJ0513,before,CSP,3988.19
SUBJ0513,before,EBA175,2625.45
SUBJ0513,before,GLURP,2045.89
SUBJ0513,before,MSP1,324.65
SUBJ0513,during,AMA1,3870.14
SUBJ0513,during,CSP,3894.88
SUBJ0513,during,EBA175,6750.18
SUBJ0513,during,GLURP,1298.57
SUBJ0513,during,MSP1,12763.61
SUBJ0514,before,AMA1,357.03
SUBJ0514,before,CSP,186.94
SUBJ0514,before,EBA175,1003.68
SUBJ0514,before,GLURP,684.67
SUBJ0514,before,MSP1,133.42
SUBJ0514,during,AMA1,141.68
SUBJ0514,during,CSP,358.88
SUBJ0514,during,EBA175,1887.78
SUBJ0514,during,GLURP,592.46
SUBJ0514,during,MSP1,329.92
SUBJ0515,before,AMA1,89.27
SUBJ0515,before,CSP,70.42
SUBJ0515,before,EBA175,75.1
SUBJ0515,before,GLURP,36.67
SUBJ0515,before,MSP1,93.75
SUBJ0515,during,AMA1,549.91
SUBJ0515,during,CSP,147.63
SUBJ0515,during,EBA175,356.61
SUBJ0515,during,GLURP,297.2
SUBJ0515,during,MSP1,43.79
SUBJ0516,before,AMA1,1054.92
SUBJ0516,before,CSP,759.72
SUBJ0516,before,EBA175,680.98
SUBJ0516,before,GLURP,303.15
SUBJ0516,before,MSP1,443.24
SUBJ0516,during,AMA1,1556.51
SUBJ0516,during,CSP,929.89
SUBJ0516,during,EBA175,1118.31
SUBJ0516,during,GLURP,287.77
SUBJ0516,during,MSP1,973.12
SUBJ0517,before,AMA1,160.21
SUBJ0517,before,CSP,97.88
SUBJ0517,before,EBA175,69.41
SUBJ0517,before,GLURP,78.76
SUBJ0517,before,MSP1,108.86
SUBJ0517,during,AMA1,378.79
SUBJ0517,during,CSP,190.66
SUBJ0517,during,EBA175,1779.35
SUBJ0517,during,GLURP,80.29
SUBJ0517,during,MSP1,99.91
SUBJ0518,before,AMA1,270.2
SUBJ0518,before,CSP,1562.83
SUBJ0518,before,EBA175,479.73
SUBJ0518,before,GLURP,251.87
SUBJ0518,before,MSP1,262.15
SUBJ0518,during,AMA1,578.74
SUBJ0518,during,CSP,118.56
SUBJ0518,during,EBA175,764.83
SUBJ0518,during,GLURP,188.79
SUBJ0518,during,MSP1,234.65
SUBJ0519,before,AMA1,348.7
SUBJ0519,before,CSP,150.54
SUBJ0519,before,EBA175,4612.72
SUBJ0519,before,GLURP,380.01
SUBJ0519,before,MSP1,365.56
SUBJ0519,during,AMA1,1304.4
SUBJ0519,during,CSP,299.07
SUBJ0519,during,EBA175,849.3
SUBJ0519,during,GLURP,1580.09
SUBJ0519,during,MSP1,159.61
SUBJ0520,before,AMA1,1242.31
SUBJ0520,before,CSP,528.03
SUBJ0520,before,EBA175,1734.77
SUBJ0520,before,GLURP,362.02
SUBJ0520,before,MSP1,818.81
SUBJ0520,during,AMA1,327.6
SUBJ0520,during,CSP,35.36
SUBJ0520,during,EBA175,289.48
SUBJ0520,during,GLURP,752.59
SUBJ0520,during,MSP1,119.82
SUBJ0521,before,AMA1,1474.71
SUBJ0521,before,CSP,386.39
SUBJ0521,before,EBA175,802.88
SUBJ0521,before,GLURP,1249.84
SUBJ0521,before,MSP1,2487.82
SUBJ0521,during,AMA1,1872.99
SUBJ0521,during,CSP,433.42
SUBJ0521,during,EBA175,2260.82
SUBJ0521,during,GLURP,101.18
SUBJ0521,during,MSP1,911.73
SUBJ0522,before,AMA1,526.9
SUBJ0522,before,CSP,4247.64
SUBJ0522,before,EBA175,696.13
SUBJ0522,before,GLURP,833.11
SUBJ0522,before,MSP1,377.88
SUBJ0522,during,AMA1,2045.61
SUBJ0522,during,CSP,303.06
SUBJ0522,during,EBA175,1615.35
SUBJ0522,during,GLURP,1254
SUBJ0522,during,MSP1,1581.73
SUBJ0523,before,AMA1,1509.42
SUBJ0523,before,CSP,1353.28
SUBJ0523,before,EBA175,256
SUBJ0523,before,GLURP,309.34
SUBJ0523,before,MSP1,688.87
SUBJ0523,during,AMA1,125.75
SUBJ0523,during,CSP,915.85
SUBJ0523,during,EBA175,371.35
SUBJ0523,during,GLURP,852.62
SUBJ0523,during,MSP1,1130.13
SUBJ0524,before,AMA1,1690.31
SUBJ0524,before,CSP,573.51
SUBJ0524,before,EBA175,2017.91
SUBJ0524,before,GLURP,9536.39
SUBJ0524,before,MSP1,1470.25
SUBJ0524,during,AMA1,4208.38
SUBJ0524,during,CSP,2744.51
SUBJ0524,during,EBA175,3810.44
SUBJ0524,during,GLURP,3142.41
SUBJ0524,during,MSP1,491.52
SUBJ0525,before,AMA1,68.97
SUBJ0525,before,CSP,132.26
SUBJ0525,before,EBA175,67.96
SUBJ0525,before,GLURP,150.42
SUBJ0525,before,MSP1,198.81
SUBJ0525,during,AMA1,203.82
SUBJ0525,during,CSP,8.87
SUBJ0525,during,EBA175,1150.29
SUBJ0525,during,GLURP,121.08
SUBJ0525,during,MSP1,120.87
SUBJ0526,before,AMA1,16174.02
SUBJ0526,before,CSP,7557.25
SUBJ0526,before,EBA175,3271.42
SUBJ0526,before,GLURP,2363.42
SUBJ0526,before,MSP1,4697.42
SUBJ0526,during,AMA1,6274.62
SUBJ0526,during,CSP,1446.99
SUBJ0526,during,EBA175,5676.38
SUBJ0526,during,GLURP,4353.82
SUBJ0526,during,MSP1,726.94
SUBJ0527,before,AMA1,2044.8
SUBJ0527,before,CSP,1240.27
SUBJ0527,before,EBA175,960.82
SUBJ0527,before,GLURP,946.51
SUBJ0527,before,MSP1,4631.05
SUBJ0527,during,AMA1,224.88
SUBJ0527,during,CSP,228.5
SUBJ0527,during,EBA175,1791.52
SUBJ0527,during,GLURP,184.77
SUBJ0527,during,MSP1,989.57
SUBJ0528,before,AMA1,9343.78
SUBJ0528,before,CSP,3066.75
SUBJ0528,before,EBA175,4402.63
SUBJ0528,before,GLURP,6766.86
SUBJ0528,before,MSP1,823.61
SUBJ0528,during,AMA1,979.22
SUBJ0528,during,CSP,5659.78
SUBJ0528,during,EBA175,948.01
SUBJ0528,during,GLURP,1145.22
SUBJ0528,during,MSP1,2426.24
SUBJ0529,before,AMA1,101.41
SUBJ0529,before,CSP,1277.23
SUBJ0529,before,EBA175,1512.56
SUBJ0529,before,GLURP,477.37
SUBJ0529,before,MSP1,288.07
SUBJ0529,during,AMA1,685.38
SUBJ0529,during,CSP,75.19
SUBJ0529,during,EBA175,875.6
SUBJ0529,during,GLURP,264.85
SUBJ0529,during,MSP1,3075.31
SUBJ0530,before,AMA1,2814.72
SUBJ0530,before,CSP,3126.47
SUBJ0530,before,EBA175,8674.56
SUBJ0530,before,GLURP,948.71
SUBJ0530,before,MSP1,2832.42
SUBJ0530,during,AMA1,3146.44
SUBJ0530,during,CSP,677.21
SUBJ0530,during,EBA175,5791.77
SUBJ0530,during,GLURP,935.39
SUBJ0530,during,MSP1,2937.67
SUBJ0531,before,AMA1,1803.29
SUBJ0531,before,CSP,1440.35
SUBJ0531,before,EBA175,3060.87
SUBJ0531,before,GLURP,271.76
SUBJ0531,before,MSP1,364.17
SUBJ0531,during,AMA1,887.87
SUBJ0531,during,CSP,415.49
SUBJ0531,during,EBA175,526.51
SUBJ0531,during,GLURP,522.15
SUBJ0531,during,MSP1,594.79
SUBJ0532,before,AMA1,584.06
SUBJ0532,before,CSP,148.7
SUBJ0532,before,EBA175,368.79
SUBJ0532,before,GLURP,184.2
SUBJ0532,before,MSP1,442.13
SUBJ0532,during,AMA1,356.89
SUBJ0532,during,CSP,1048.28
SUBJ0532,during,EBA175,2450.6
SUBJ0532,during,GLURP,626.96
SUBJ0532,during,MSP1,102.77
SUBJ0533,before,AMA1,2361.52
SUBJ0533,before,CSP,278.74
SUBJ0533,before,EBA175,568.2
SUBJ0533,before,GLURP,913.7
SUBJ0533,before,MSP1,9330.66
SUBJ0533,during,AMA1,1005.54
SUBJ0533,during,CSP,347.34
SUBJ0533,during,EBA175,1289.88
SUBJ0533,during,GLURP,281.22
SUBJ0533,during,MSP1,1916.66
SUBJ0534,before,AMA1,533.84
SUBJ0534,before,CSP,153.8
SUBJ0534,before,EBA175,217.07
SUBJ0534,before,GLURP,137.64
SUBJ0534,before,MSP1,656.03
SUBJ0534,during,AMA1,204.82
SUBJ0534,during,CSP,459.55
SUBJ0534,during,EBA175,1003.24
SUBJ0534,during,GLURP,112
SUBJ0534,during,MSP1,45.5
SUBJ0535,before,AMA1,3105.36
SUBJ0535,before,CSP,5042.13
SUBJ0535,before,EBA175,4361.73
SUBJ0535,before,GLURP,765.01
SUBJ0535,before,MSP1,3423.7
SUBJ0535,during,AMA1,5773.94
SUBJ0535,during,CSP,3839.09
SUBJ0535,during,EBA175,14583.52
SUBJ0535,during,GLURP,814.5
SUBJ0535,during,MSP1,1020.79
SUBJ0536,before,AMA1,5604.01
SUBJ0536,before,CSP,3979.17
SUBJ0536,before,EBA175,5437.03
SUBJ0536,before,GLURP,8392.72
SUBJ0536,before,MSP1,6137.1
SUBJ0536,during,AMA1,12689.93
SUBJ0536,during,CSP,1826.73
SUBJ0536,during,EBA175,9906.4
SUBJ0536,during,GLURP,482.41
SUBJ0536,during,MSP1,2379.56
SUBJ0537,before,AMA1,1177.46
SUBJ0537,before,CSP,5414.78
SUBJ0537,before,EBA175,1375.77
SUBJ0537,before,GLURP,3134.89
SUBJ0537,before,MSP1,4369.71
SUBJ0537,during,AMA1,3413.64
SUBJ0537,during,CSP,3739.43
SUBJ0537,during,EBA175,9861.29
SUBJ0537,during,GLURP,1719.95
SUBJ0537,during,MSP1,5270.02
SUBJ0538,before,AMA1,5265.74
SUBJ0538,before,CSP,3554.91
SUBJ0538,before,EBA175,1909.83
SUBJ0538,before,GLURP,1066.8
SUBJ0538,before,MSP1,1052.36
SUBJ0538,during,AMA1,5143.99
SUBJ0538,during,CSP,826.63
SUBJ0538,during,EBA175,4890.35
SUBJ0538,during,GLURP,932.74
SUBJ0538,during,MSP1,2258.77
SUBJ0539,before,AMA1,1810.52
SUBJ0539,before,CSP,4437.09
SUBJ0539,before,EBA175,5325
SUBJ0539,before,GLURP,8850.69
SUBJ0539,before,MSP1,10479.07
SUBJ0539,during,AMA1,2639.41
SUBJ0539,during,CSP,1616.71
SUBJ0539,during,EBA175,5118.66
SUBJ0539,during,GLURP,1010.97
SUBJ0539,during,MSP1,2393.61
SUBJ0540,before,AMA1,1793.61
SUBJ0540,before,CSP,1208.57
SUBJ0540,before,EBA175,697.31
SUBJ0540,before,GLURP,1537.99
SUBJ0540,before,MSP1,902.57
SUBJ0540,during,AMA1,3555.63
SUBJ0540,during,CSP,6815.15
SUBJ0540,during,EBA175,3889.43
SUBJ0540,during,GLURP,5289.33
SUBJ0540,during,MSP1,2090.18
SUBJ0541,before,AMA1,592.01
SUBJ0541,before,CSP,4064.57
SUBJ0541,before,EBA175,1369.79
SUBJ0541,before,GLURP,941.64
SUBJ0541,before,MSP1,631.71
SUBJ0541,during,AMA1,425.2
SUBJ0541,during,CSP,1034.14
SUBJ0541,during,EBA175,3979
SUBJ0541,during,GLURP,1919.92
SUBJ0541,during,MSP1,550.62
SUBJ0542,before,AMA1,66.25
SUBJ0542,before,CSP,111.92
SUBJ0542,before,EBA175,1862.68
SUBJ0542,before,GLURP,807.86
SUBJ0542,before,MSP1,4990.49
SUBJ0542,during,AMA1,974.25
SUBJ0542,during,CSP,1044.65
SUBJ0542,during,EBA175,3329.48
SUBJ0542,during,GLURP,627.58
SUBJ0542,during,MSP1,1527.79
SUBJ0543,before,AMA1,8913.07
SUBJ0543,before,CSP,1206.6
SUBJ0543,before,EBA175,318.97
SUBJ0543,before,GLURP,282.39
SUBJ0543,before,MSP1,1271.83
SUBJ0543,during,AMA1,5249.57
SUBJ0543,during,CSP,292.17
SUBJ0543,during,EBA175,294.25
SUBJ0543,during,GLURP,487.56
SUBJ0543,during,MSP1,683.94
SUBJ0544,before,AMA1,348.49
SUBJ0544,before,CSP,464.76
SUBJ0544,before,EBA175,114.79
SUBJ0544,before,GLURP,66.63
SUBJ0544,before,MSP1,66.89
SUBJ0544,during,AMA1,93.31
SUBJ0544,during,CSP,152.54
SUBJ0544,during,EBA175,549.89
SUBJ0544,during,GLURP,101.11
SUBJ0544,during,MSP1,110.02
SUBJ0545,before,AMA1,5969.11
SUBJ0545,before,CSP,502.01
SUBJ0545,before,EBA175,2928.9
SUBJ0545,before,GLURP,319.11
SUBJ0545,before,MSP1,1981.52
SUBJ0545,during,AMA1,797.44
SUBJ0545,during,CSP,1258.84
SUBJ0545,during,EBA175,5310.96
SUBJ0545,during,GLURP,1689.63
SUBJ0545,during,MSP1,1169.64
SUBJ0546,before,AMA1,514.96
SUBJ0546,before,CSP,1646.96
SUBJ0546,before,EBA175,799.79
SUBJ0546,before,GLURP,191.45
SUBJ0546,before,MSP1,1952.26
SUBJ0546,during,AMA1,893.98
SUBJ0546,during,CSP,323.36
SUBJ0546,during,EBA175,256.25
SUBJ0546,during,GLURP,315.85
SUBJ0546,during,MSP1,248.78
SUBJ0547,before,AMA1,975.08
SUBJ0547,before,CSP,1288.33
SUBJ0547,before,EBA175,947.35
SUBJ0547,before,GLURP,690.73
SUBJ0547,before,MSP1,3440.03
SUBJ0547,during,AMA1,2022.84
SUBJ0547,during,CSP,1660.37
SUBJ0547,during,EBA175,33230.65
SUBJ0547,during,GLURP,744.56
SUBJ0547,during,MSP1,469.53
SUBJ0548,before,AMA1,3572.9
SUBJ0548,before,CSP,7799.09
SUBJ0548,before,EBA175,1455.28
SUBJ0548,before,GLURP,2259.02
SUBJ0548,before,MSP1,2905.82
SUBJ0548,during,AMA1,4810.12
SUBJ0548,during,CSP,8439.94
SUBJ0548,during,EBA175,3150.32
SUBJ0548,during,GLURP,1110.57
SUBJ0548,during,MSP1,3422.49
SUBJ0549,before,AMA1,507.21
SUBJ0549,before,CSP,1048.84
SUBJ0549,before,EBA175,367.54
SUBJ0549,before,GLURP,791.89
SUBJ0549,before,MSP1,584.82
SUBJ0549,during,AMA1,778.76
SUBJ0549,during,CSP,711.5
SUBJ0549,during,EBA175,3734.24
SUBJ0549,during,GLURP,1135.71
SUBJ0549,during,MSP1,1571.33
SUBJ0550,before,AMA1,19141.91
SUBJ0550,before,CSP,2571.48
SUBJ0550,before,EBA175,3467.9
SUBJ0550,before,GLURP,844.72
SUBJ0550,before,MSP1,6712.98
SUBJ0550,during,AMA1,592.55
SUBJ0550,during,CSP,3459.71
SUBJ0550,during,EBA175,2943.47
SUBJ0550,during,GLURP,1393.99
SUBJ0550,during,MSP1,935.36
SUBJ0551,before,AMA1,596.5
SUBJ0551,before,CSP,1118.99
SUBJ0551,before,EBA175,535
SUBJ0551,before,GLURP,1568.82
SUBJ0551,before,MSP1,666.02
SUBJ0551,during,AMA1,1461.88
SUBJ0551,during,CSP,828.02
SUBJ0551,during,EBA175,1491.61
SUBJ0551,during,GLURP,298.59
SUBJ0551,during,MSP1,848.29
SUBJ0552,before,AMA1,1291.7
SUBJ0552,before,CSP,885.45
SUBJ0552,before,EBA175,3459.13
SUBJ0552,before,GLURP,1995.47
SUBJ0552,before,MSP1,3836.9
SUBJ0552,during,AMA1,2915.94
SUBJ0552,during,CSP,8386.21
SUBJ0552,during,EBA175,4114.9
SUBJ0552,during,GLURP,493.78
SUBJ0552,during,MSP1,2127.4
SUBJ0553,before,AMA1,1548.22
SUBJ0553,before,CSP,2142.38
SUBJ0553,before,EBA175,1128.47
SUBJ0553,before,GLURP,1871.76
SUBJ0553,before,MSP1,428.59
SUBJ0553,during,AMA1,1367.61
SUBJ0553,during,CSP,929.18
SUBJ0553,during,EBA175,10944.33
SUBJ0553,during,GLURP,1635.07
SUBJ0553,during,MSP1,5411.29
SUBJ0554,before,AMA1,816.66
SUBJ0554,before,CSP,174.71
SUBJ0554,before,EBA175,597.86
SUBJ0554,before,GLURP,1498.73
SUBJ0554,before,MSP1,3322.12
SUBJ0554,during,AMA1,4126.01
SUBJ0554,during,CSP,104.06
SUBJ0554,during,EBA175,2871.73
SUBJ0554,during,GLURP,277.14
SUBJ0554,during,MSP1,1139.28
SUBJ0555,before,AMA1,775.93
SUBJ0555,before,CSP,170.76
SUBJ0555,before,EBA175,1149.52
SUBJ0555,before,GLURP,460.84
SUBJ0555,before,MSP1,190.42
SUBJ0555,during,AMA1,562.79
SUBJ0555,during,CSP,397.82
SUBJ0555,during,EBA175,2097.94
SUBJ0555,during,GLURP,1266.37
SUBJ0555,during,MSP1,427.46
SUBJ0556,before,AMA1,4421.24
SUBJ0556,before,CSP,3843.17
SUBJ0556,before,EBA175,1127.81
SUBJ0556,before,GLURP,8446.93
SUBJ0556,before,MSP1,1820.93
SUBJ0556,during,AMA1,477.43
SUBJ0556,during,CSP,532.34
SUBJ0556,during,EBA175,2281.84
SUBJ0556,during,GLURP,5646.71
SUBJ0556,during,MSP1,1532.6
SUBJ0557,before,AMA1,301.94
SUBJ0557,before,CSP,1396.01
SUBJ0557,before,EBA175,483.94
SUBJ0557,before,GLURP,605.38
SUBJ0557,before,MSP1,1304.75
SUBJ0557,during,AMA1,1664.51
SUBJ0557,during,CSP,522.88
SUBJ0557,during,EBA175,456.48
SUBJ0557,during,GLURP,1697.75
SUBJ0557,during,MSP1,511.07
SUBJ0558,before,AMA1,5133.86
SUBJ0558,before,CSP,1208.13
SUBJ0558,before,EBA175,1704.52
SUBJ0558,before,GLURP,76.45
SUBJ0558,before,MSP1,521.8
SUBJ0558,during,AMA1,898.66
SUBJ0558,during,CSP,384.16
SUBJ0558,during,EBA175,1039.1
SUBJ0558,during,GLURP,771.79
SUBJ0558,during,MSP1,268.83
SUBJ0559,before,AMA1,1565.24
SUBJ0559,before,CSP,1893.39
SUBJ0559,before,EBA175,11449.82
SUBJ0559,before,GLURP,852.37
SUBJ0559,before,MSP1,2003.21
SUBJ0559,during,AMA1,1410.07
SUBJ0559,during,CSP,1144.19
SUBJ0559,during,EBA175,2736.58
SUBJ0559,during,GLURP,2423.03
SUBJ0559,during,MSP1,1179.33
SUBJ0560,before,AMA1,17659.86
SUBJ0560,before,CSP,8978.18
SUBJ0560,before,EBA175,7493.18
SUBJ0560,before,GLURP,1435.14
SUBJ0560,before,MSP1,2488.7
SUBJ0560,during,AMA1,7853.45
SUBJ0560,during,CSP,1260.07
SUBJ0560,during,EBA175,1643.94
SUBJ0560,during,GLURP,2002.71
SUBJ0560,during,MSP1,2726.97
SUBJ0561,before,AMA1,14215.05
SUBJ0561,before,CSP,7067.78
SUBJ0561,before,EBA175,10017.54
SUBJ0561,before,GLURP,1339.31
SUBJ0561,before,MSP1,567.99
SUBJ0561,during,AMA1,585.03
SUBJ0561,during,CSP,1483.14
SUBJ0561,during,EBA175,2060.26
SUBJ0561,during,GLURP,493.22
SUBJ0561,during,MSP1,1249.09
SUBJ0562,before,AMA1,532.72
SUBJ0562,before,CSP,515.32
SUBJ0562,before,EBA175,518.45
SUBJ0562,before,GLURP,316.19
SUBJ0562,before,MSP1,237.64
SUBJ0562,during,AMA1,1770.71
SUBJ0562,during,CSP,329.4
SUBJ0562,during,EBA175,2003.46
SUBJ0562,during,GLURP,775.88
SUBJ0562,during,MSP1,1281.82
SUBJ0563,before,AMA1,4626.59
SUBJ0563,before,CSP,1452.57
SUBJ0563,before,EBA175,3834.26
SUBJ0563,before,GLURP,56.34
SUBJ0563,before,MSP1,3394.61
SUBJ0563,during,AMA1,1032.92
SUBJ0563,during,CSP,911.56
SUBJ0563,during,EBA175,6594.23
SUBJ0563,during,GLURP,8748.41
SUBJ0563,during,MSP1,6625.55
SUBJ0564,before,AMA1,486.2
SUBJ0564,before,CSP,478.13
SUBJ0564,before,EBA175,808.5
SUBJ0564,before,GLURP,269.27
SUBJ0564,before,MSP1,1773.53
SUBJ0564,during,AMA1,535.3
SUBJ0564,during,CSP,1620.43
SUBJ0564,during,EBA175,817.01
SUBJ0564,during,GLURP,103.31
SUBJ0564,during,MSP1,1674.27
SUBJ0565,before,AMA1,456.35
SUBJ0565,before,CSP,142.33
SUBJ0565,before,EBA175,736.43
SUBJ0565,before,GLURP,434.14
SUBJ0565,before,MSP1,306.68
SUBJ0565,during,AMA1,1883.35
SUBJ0565,during,CSP,1620.17
SUBJ0565,during,EBA175,1488.08
SUBJ0565,during,GLURP,1877.26
SUBJ0565,during,MSP1,4562.28
SUBJ0566,before,AMA1,4293.67
SUBJ0566,before,CSP,152.34
SUBJ0566,before,EBA175,805.17
SUBJ0566,before,GLURP,602.2
SUBJ0566,before,MSP1,1110.69
SUBJ0566,during,AMA1,63.16
SUBJ0566,during,CSP,382.45
SUBJ0566,during,EBA175,520.41
SUBJ0566,during,GLURP,1775.13
SUBJ0566,during,MSP1,742.35
SUBJ0567,before,AMA1,101.5
SUBJ0567,before,CSP,54.84
SUBJ0567,before,EBA175,44.43
SUBJ0567,before,GLURP,93.41
SUBJ0567,before,MSP1,145.32
SUBJ0567,during,AMA1,218.62
SUBJ0567,during,CSP,170.32
SUBJ0567,during,EBA175,208.2
SUBJ0567,during,GLURP,63.28
SUBJ0567,during,MSP1,41.52
SUBJ0568,before,AMA1,3452.12
SUBJ0568,before,CSP,584.11
SUBJ0568,before,EBA175,2296.72
SUBJ0568,before,GLURP,1014.48
SUBJ0568,before,MSP1,674.69
SUBJ0568,during,AMA1,24532.19
SUBJ0568,during,CSP,4006
SUBJ0568,during,EBA175,2224.73
SUBJ0568,during,GLURP,1592.05
SUBJ0568,during,MSP1,1184.32
SUBJ0569,before,AMA1,1086.97
SUBJ0569,before,CSP,222.84
SUBJ0569,before,EBA175,683.01
SUBJ0569,before,GLURP,427.97
SUBJ0569,before,MSP1,7170.98
SUBJ0569,during,AMA1,3736.07
SUBJ0569,during,CSP,141.9
SUBJ0569,during,EBA175,1491.53
SUBJ0569,during,GLURP,383.25
SUBJ0569,during,MSP1,77.42
SUBJ0570,before,AMA1,5633.59
SUBJ0570,before,CSP,3979.49
SUBJ0570,before,EBA175,1000.66
SUBJ0570,before,GLURP,5780
SUBJ0570,before,MSP1,1309.22
SUBJ0570,during,AMA1,2269.94
SUBJ0570,during,CSP,1580.72
SUBJ0570,during,EBA175,9207.83
SUBJ0570,during,GLURP,586.69
SUBJ0570,during,MSP1,3405.75
SUBJ0571,before,AMA1,604.4
SUBJ0571,before,CSP,510.14
SUBJ0571,before,EBA175,1888.46
SUBJ0571,before,GLURP,180.55
SUBJ0571,before,MSP1,609.96
SUBJ0571,during,AMA1,607.83
SUBJ0571,during,CSP,57.79
SUBJ0571,during,EBA175,4166.56
SUBJ0571,during,GLURP,97.93
SUBJ0571,during,MSP1,1744.89
SUBJ0572,before,AMA1,1260.3
SUBJ0572,before,CSP,741.03
SUBJ0572,before,EBA175,2954.56
SUBJ0572,before,GLURP,1081.57
SUBJ0572,before,MSP1,2312.88
SUBJ0572,during,AMA1,6861.38
SUBJ0572,during,CSP,7680.79
SUBJ0572,during,EBA175,2629.93
SUBJ0572,during,GLURP,2576.27
SUBJ0572,during,MSP1,1501.08
SUBJ0573,before,AMA1,824.3
SUBJ0573,before,CSP,638.36
SUBJ0573,before,EBA175,855.1
SUBJ0573,before,GLURP,303.54
SUBJ0573,before,MSP1,333.65
SUBJ0573,during,AMA1,163.81
SUBJ0573,during,CSP,322.28
SUBJ0573,during,EBA175,329.56
SUBJ0573,during,GLURP,138.08
SUBJ0573,during,MSP1,177.33
SUBJ0574,before,AMA1,363.45
SUBJ0574,before,CSP,187.79
SUBJ0574,before,EBA175,586.12
SUBJ0574,before,GLURP,346.69
SUBJ0574,before,MSP1,438.11
SUBJ0574,during,AMA1,399.97
SUBJ0574,during,CSP,180.85
SUBJ0574,during,EBA175,403.27
SUBJ0574,during,GLURP,178.17
SUBJ0574,during,MSP1,902.1
SUBJ0575,during,AMA1,1090.95
SUBJ0575,during,CSP,2009.05
SUBJ0575,during,EBA175,959.51
SUBJ0575,during,GLURP,1654.9
SUBJ0575,during,MSP1,629.05
SUBJ0576,before,AMA1,475.58
SUBJ0576,before,CSP,509.49
SUBJ0576,before,EBA175,568.98
SUBJ0576,before,GLURP,23.02
SUBJ0576,before,MSP1,1021.45
SUBJ0576,during,AMA1,194.99
SUBJ0576,during,CSP,445.42
SUBJ0576,during,EBA175,565.57
SUBJ0576,during,GLURP,246.51
SUBJ0576,during,MSP1,300.92
SUBJ0577,before,AMA1,642.76
SUBJ0577,before,CSP,1110.18
SUBJ0577,before,EBA175,4738.76
SUBJ0577,before,GLURP,1060.79
SUBJ0577,before,MSP1,1199.08
SUBJ0577,during,AMA1,10105.39
SUBJ0577,during,CSP,5048.04
SUBJ0577,during,EBA175,925.25
SUBJ0577,during,GLURP,191.29
SUBJ0577,during,MSP1,1413.37
SUBJ0578,before,AMA1,431.95
SUBJ0578,before,CSP,392.99
SUBJ0578,before,EBA175,1087.09
SUBJ0578,before,GLURP,428.32
SUBJ0578,before,MSP1,404.54
SUBJ0578,during,AMA1,393.36
SUBJ0578,during,CSP,414.58
SUBJ0578,during,EBA175,858.73
SUBJ0578,during,GLURP,502.14
SUBJ0578,during,MSP1,728.62
SUBJ0579,before,AMA1,908
SUBJ0579,before,CSP,359.92
SUBJ0579,before,EBA175,12289.27
SUBJ0579,before,GLURP,949.06
SUBJ0579,before,MSP1,5680.58
SUBJ0579,during,AMA1,4622.73
SUBJ0579,during,CSP,5218.75
SUBJ0579,during,EBA175,41749.81
SUBJ0579,during,GLURP,477.92
SUBJ0579,during,MSP1,9831.37
SUBJ0580,before,AMA1,4858.28
SUBJ0580,before,CSP,394.53
SUBJ0580,before,EBA175,827.94
SUBJ0580,before,GLURP,564.02
SUBJ0580,before,MSP1,3139.34
SUBJ0580,during,AMA1,1646.28
SUBJ0580,during,CSP,1919.18
SUBJ0580,during,EBA175,2284.68
SUBJ0580,during,GLURP,1279.5
SUBJ0580,during,MSP1,1720.07
SUBJ0581,before,AMA1,61.88
SUBJ0581,before,CSP,288.91
SUBJ0581,before,EBA175,1601.61
SUBJ0581,before,GLURP,114.63
SUBJ0581,before,MSP1,1022.52
SUBJ0581,during,AMA1,1498.34
SUBJ0581,during,CSP,592.89
SUBJ0581,during,EBA175,244.52
SUBJ0581,during,GLURP,99.49
SUBJ0581,during,MSP1,100.3
SUBJ0582,before,AMA1,555.72
SUBJ0582,before,CSP,140.16
SUBJ0582,before,EBA175,833.29
SUBJ0582,before,GLURP,142.85
SUBJ0582,before,MSP1,137.22
SUBJ0582,during,AMA1,650.87
SUBJ0582,during,CSP,803.08
SUBJ0582,during,EBA175,635.14
SUBJ0582,during,GLURP,396.54
SUBJ0582,during,MSP1,1382.9
SUBJ0583,before,AMA1,1958.39
SUBJ0583,before,CSP,7218.77
SUBJ0583,before,EBA175,664.86
SUBJ0583,before,GLURP,3950.62
SUBJ0583,before,MSP1,1772.94
SUBJ0583,during,AMA1,2363.27
SUBJ0583,during,CSP,3043.8
SUBJ0583,during,EBA175,1618.09
SUBJ0583,during,GLURP,279.48
SUBJ0583,during,MSP1,724.77
SUBJ0584,before,AMA1,2474.17
SUBJ0584,before,CSP,418.6
SUBJ0584,before,EBA175,1724.48
SUBJ0584,before,GLURP,499.96
SUBJ0584,before,MSP1,1158.56
SUBJ0584,during,AMA1,1550.6
SUBJ0584,during,CSP,3180.06
SUBJ0584,during,EBA175,1084.27
SUBJ0584,during,GLURP,343.81
SUBJ0584,during,MSP1,848.3
SUBJ0585,before,AMA1,1498.9
SUBJ0585,before,CSP,1501.61
SUBJ0585,before,EBA175,2137.11
SUBJ0585,before,GLURP,1239.48
SUBJ0585,before,MSP1,4782.31
SUBJ0585,during,AMA1,1381
SUBJ0585,during,CSP,535.1
SUBJ0585,during,EBA175,2197.62
SUBJ0585,during,GLURP,79.65
SUBJ0585,during,MSP1,1467.06
SUBJ0586,before,AMA1,1585.94
SUBJ0586,before,CSP,399.86
SUBJ0586,before,EBA175,820.76
SUBJ0586,before,GLURP,152.85
SUBJ0586,before,MSP1,519.6
SUBJ0586,during,AMA1,643.86
SUBJ0586,during,CSP,1824.76
SUBJ0586,during,EBA175,895.44
SUBJ0586,during,GLURP,206.99
SUBJ0586,during,MSP1,1356.44
SUBJ0587,during,AMA1,68.71
SUBJ0587,during,CSP,39.07
SUBJ0587,during,EBA175,195.6
SUBJ0587,during,GLURP,39.01
SUBJ0587,during,MSP1,238.29
SUBJ0588,before,AMA1,1017.28
SUBJ0588,before,CSP,212.79
SUBJ0588,before,EBA175,1697.34
SUBJ0588,before,GLURP,4356.33
SUBJ0588,before,MSP1,3501.67
SUBJ0588,during,AMA1,1382.17
SUBJ0588,during,CSP,1081.41
SUBJ0588,during,EBA175,3654.74
SUBJ0588,during,GLURP,873.15
SUBJ0588,during,MSP1,1504.63
SUBJ0589,before,AMA1,11468.64
SUBJ0589,before,CSP,175.29
SUBJ0589,before,EBA175,7599.28
SUBJ0589,before,GLURP,1203.05
SUBJ0589,before,MSP1,641.77
SUBJ0589,during,AMA1,5352.17
SUBJ0589,during,CSP,1770.83
SUBJ0589,during,EBA175,24317.63
SUBJ0589,during,GLURP,2439.85
SUBJ0589,during,MSP1,11396.65
SUBJ0590,before,AMA1,1636.44
SUBJ0590,before,CSP,236.61
SUBJ0590,before,EBA175,1196.01
SUBJ0590,before,GLURP,3727.72
SUBJ0590,before,MSP1,2398.92
SUBJ0590,during,AMA1,1070.14
SUBJ0590,during,CSP,667.78
SUBJ0590,during,EBA175,6299.53
SUBJ0590,during,GLURP,593.81
SUBJ0590,during,MSP1,3092.9
SUBJ0591,before,AMA1,799.2
SUBJ0591,before,CSP,123.54
SUBJ0591,before,EBA175,2785.35
SUBJ0591,before,GLURP,965.28
SUBJ0591,before,MSP1,504.16
SUBJ0591,during,AMA1,363.97
SUBJ0591,during,CSP,549.86
SUBJ0591,during,EBA175,421.78
SUBJ0591,during,GLURP,631.64
SUBJ0591,during,MSP1,297.81
SUBJ0592,before,AMA1,3136.8
SUBJ0592,before,CSP,2831.24
SUBJ0592,before,EBA175,723.72
SUBJ0592,before,GLURP,1030.05
SUBJ0592,before,MSP1,4110.66
SUBJ0592,during,AMA1,1215.14
SUBJ0592,during,CSP,3588.97
SUBJ0592,during,EBA175,2199.47
SUBJ0592,during,GLURP,830.67
SUBJ0592,during,MSP1,1161.18
SUBJ0593,before,AMA1,3732.15
SUBJ0593,before,CSP,1186.25
SUBJ0593,before,EBA175,3725
SUBJ0593,before,GLURP,198.05
SUBJ0593,before,MSP1,574.97
SUBJ0593,during,AMA1,11529.31
SUBJ0593,during,CSP,990.38
SUBJ0593,during,EBA175,2073.51
SUBJ0593,during,GLURP,271.95
SUBJ0593,during,MSP1,4436.08
SUBJ0594,before,AMA1,820.05
SUBJ0594,before,CSP,2902.56
SUBJ0594,before,EBA175,9880.64
SUBJ0594,before,GLURP,4769.16
SUBJ0594,before,MSP1,828.82
SUBJ0594,during,AMA1,4162.18
SUBJ0594,during,CSP,4637.04
SUBJ0594,during,EBA175,4686.58
SUBJ0594,during,GLURP,863.76
SUBJ0594,during,MSP1,1052.08
SUBJ0595,before,AMA1,372.46
SUBJ0595,before,CSP,310.5
SUBJ0595,before,EBA175,174.2
SUBJ0595,before,GLURP,121.6
SUBJ0595,before,MSP1,3027.4
SUBJ0595,during,AMA1,236.97
SUBJ0595,during,CSP,331.35
SUBJ0595,during,EBA175,1560.2
SUBJ0595,during,GLURP,139.18
SUBJ0595,during,MSP1,1055.26
SUBJ0596,before,AMA1,1911.94
SUBJ0596,before,CSP,408.79
SUBJ0596,before,EBA175,9421.7
SUBJ0596,before,GLURP,653.16
SUBJ0596,before,MSP1,891.44
SUBJ0597,before,AMA1,5033.6
SUBJ0597,before,CSP,2895.37
SUBJ0597,before,EBA175,2777.33
SUBJ0597,before,GLURP,1717.77
SUBJ0597,before,MSP1,789.56
SUBJ0597,during,AMA1,2541.89
SUBJ0597,during,CSP,23024.36
SUBJ0597,during,EBA175,7990.05
SUBJ0597,during,GLURP,2653.95
SUBJ0597,during,MSP1,1582.89
SUBJ0598,before,AMA1,14009.75
SUBJ0598,before,CSP,596.8
SUBJ0598,before,EBA175,2958.27
SUBJ0598,before,GLURP,492.41
SUBJ0598,before,MSP1,623.26
SUBJ0598,during,AMA1,2937.25
SUBJ0598,during,CSP,1899.95
SUBJ0598,during,EBA175,1224.35
SUBJ0598,during,GLURP,675.52
SUBJ0598,during,MSP1,2271.25
SUBJ0599,before,AMA1,528.68
SUBJ0599,before,CSP,333.51
SUBJ0599,before,EBA175,234.94
SUBJ0599,before,GLURP,84.59
SUBJ0599,before,MSP1,402.23
SUBJ0599,during,AMA1,109.17
SUBJ0599,during,CSP,444.23
SUBJ0599,during,EBA175,567.37
SUBJ0599,during,GLURP,468.76
SUBJ0599,during,MSP1,273.91
SUBJ0600,before,AMA1,2375.38
SUBJ0600,before,CSP,453.93
SUBJ0600,before,EBA175,3010.62
SUBJ0600,before,GLURP,901.21
SUBJ0600,before,MSP1,3522.08
SUBJ0600,during,AMA1,2513.56
SUBJ0600,during,CSP,932.55
SUBJ0600,during,EBA175,780.55
SUBJ0600,during,GLURP,689.91
SUBJ0600,during,MSP1,817.36
SUBJ0601,during,AMA1,622.52
SUBJ0601,during,CSP,4965.44
SUBJ0601,during,EBA175,4215.73
SUBJ0601,during,GLURP,3152.24
SUBJ0601,during,MSP1,859.69
SUBJ0602,before,AMA1,919.91
SUBJ0602,before,CSP,1203.13
SUBJ0602,before,EBA175,1205.19
SUBJ0602,before,GLURP,697.62
SUBJ0602,before,MSP1,865.22
SUBJ0602,during,AMA1,2208.76
SUBJ0602,during,CSP,400.81
SUBJ0602,during,EBA175,520.28
SUBJ0602,during,GLURP,76.35
SUBJ0602,during,MSP1,3226.16
SUBJ0603,before,AMA1,419.38
SUBJ0603,before,CSP,839.01
SUBJ0603,before,EBA175,1143.59
SUBJ0603,before,GLURP,236.25
SUBJ0603,before,MSP1,604.25
SUBJ0603,during,AMA1,316.06
SUBJ0603,during,CSP,711.13
SUBJ0603,during,EBA175,1696.06
SUBJ0603,during,GLURP,93.77
SUBJ0603,during,MSP1,854.99
SUBJ0604,before,AMA1,1846.74
SUBJ0604,before,CSP,955.49
SUBJ0604,before,EBA175,762.05
SUBJ0604,before,GLURP,1196.66
SUBJ0604,before,MSP1,2968.4
SUBJ0604,during,AMA1,2863.35
SUBJ0604,during,CSP,3656.65
SUBJ0604,during,EBA175,4226.56
SUBJ0604,during,GLURP,1302.74
SUBJ0604,during,MSP1,1609.1
SUBJ0605,before,AMA1,1185.73
SUBJ0605,before,CSP,3514.36
SUBJ0605,before,EBA175,945.99
SUBJ0605,before,GLURP,577.1
SUBJ0605,before,MSP1,12273.35
SUBJ0605,during,AMA1,1855.79
SUBJ0605,during,CSP,7423.66
SUBJ0605,during,EBA175,11575.76
SUBJ0605,during,GLURP,3732.95
SUBJ0605,during,MSP1,2510.77
SUBJ0606,before,AMA1,470.09
SUBJ0606,before,CSP,201.98
SUBJ0606,before,EBA175,1769.4
SUBJ0606,before,GLURP,62.92
SUBJ0606,before,MSP1,174.81
SUBJ0606,during,AMA1,1695.71
SUBJ0606,during,CSP,627.03
SUBJ0606,during,EBA175,715.42
SUBJ0606,during,GLURP,425.44
SUBJ0606,during,MSP1,1407.76
SUBJ0607,before,AMA1,2443.35
SUBJ0607,before,CSP,580.54
SUBJ0607,before,EBA175,2179.63
SUBJ0607,before,GLURP,463.16
SUBJ0607,before,MSP1,1595.35
SUBJ0607,during,AMA1,1559.03
SUBJ0607,during,CSP,2243.91
SUBJ0607,during,EBA175,2723.68
SUBJ0607,during,GLURP,819.03
SUBJ0607,during,MSP1,1561.28
SUBJ0608,before,AMA1,89.9
SUBJ0608,before,CSP,153.57
SUBJ0608,before,EBA175,449.16
SUBJ0608,before,GLURP,95.55
SUBJ0608,before,MSP1,93.83
SUBJ0609,before,AMA1,1010.83
SUBJ0609,before,CSP,516.15
SUBJ0609,before,EBA175,3709.27
SUBJ0609,before,GLURP,757.66
SUBJ0609,before,MSP1,4422.49
SUBJ0609,during,AMA1,1713.3
SUBJ0609,during,CSP,985.42
SUBJ0609,during,EBA175,633.97
SUBJ0609,during,GLURP,909.68
SUBJ0609,during,MSP1,2155.69
SUBJ0610,before,AMA1,5096.91
SUBJ0610,before,CSP,3089.62
SUBJ0610,before,EBA175,2122.15
SUBJ0610,before,GLURP,563.96
SUBJ0610,before,MSP1,2293.65
SUBJ0610,during,AMA1,8461.54
SUBJ0610,during,CSP,2371.4
SUBJ0610,during,EBA175,4957.99
SUBJ0610,during,GLURP,248.55
SUBJ0610,during,MSP1,3345.43
SUBJ0611,before,AMA1,2428.38
SUBJ0611,before,CSP,1588.88
SUBJ0611,before,EBA175,3320.52
SUBJ0611,before,GLURP,835.84
SUBJ0611,before,MSP1,414.4
SUBJ0611,during,AMA1,3935.28
SUBJ0611,during,CSP,3374.34
SUBJ0611,during,EBA175,628.94
SUBJ0611,during,GLURP,1307.26
SUBJ0611,during,MSP1,1367.76
SUBJ0612,before,AMA1,1295.93
SUBJ0612,before,CSP,1510.27
SUBJ0612,before,EBA175,968.13
SUBJ0612,before,GLURP,683.11
SUBJ0612,before,MSP1,465.73
SUBJ0612,during,AMA1,1229.85
SUBJ0612,during,CSP,1816.42
SUBJ0612,during,EBA175,4393.03
SUBJ0612,during,GLURP,1827.6
SUBJ0612,during,MSP1,2051.85
SUBJ0613,before,AMA1,1187.93
SUBJ0613,before,CSP,2786.89
SUBJ0613,before,EBA175,1317.5
SUBJ0613,before,GLURP,356.99
SUBJ0613,before,MSP1,1248.24
SUBJ0613,during,AMA1,1117.48
SUBJ0613,during,CSP,516.58
SUBJ0613,during,EBA175,782.45
SUBJ0613,during,GLURP,182.23
SUBJ0613,during,MSP1,949.89
SUBJ0614,before,AMA1,489.78
SUBJ0614,before,CSP,109.73
SUBJ0614,before,EBA175,558.78
SUBJ0614,before,GLURP,3023.67
SUBJ0614,before,MSP1,2453.92
SUBJ0614,during,AMA1,776.05
SUBJ0614,during,CSP,641.68
SUBJ0614,during,EBA175,684.03
SUBJ0614,during,GLURP,770.68
SUBJ0614,during,MSP1,90.2
SUBJ0615,before,AMA1,1321.56
SUBJ0615,before,CSP,1565.82
SUBJ0615,before,EBA175,1657.49
SUBJ0615,before,GLURP,3668.35
SUBJ0615,before,MSP1,9535.58
SUBJ0615,during,AMA1,1394.85
SUBJ0615,during,CSP,652.37
SUBJ0615,during,EBA175,8797.44
SUBJ0615,during,GLURP,1521.74
SUBJ0615,during,MSP1,10585.84
SUBJ0616,before,AMA1,126.91
SUBJ0616,before,CSP,692.33
SUBJ0616,before,EBA175,699.26
SUBJ0616,before,GLURP,248.69
SUBJ0616,before,MSP1,692.75
SUBJ0616,during,AMA1,832.56
SUBJ0616,during,CSP,612.14
SUBJ0616,during,EBA175,776
SUBJ0616,during,GLURP,617.88
SUBJ0616,during,MSP1,407.35
SUBJ0617,before,AMA1,3207.68
SUBJ0617,before,CSP,939.56
SUBJ0617,before,EBA175,4410.43
SUBJ0617,before,GLURP,1640.85
SUBJ0617,before,MSP1,388.71
SUBJ0617,during,AMA1,3883.31
SUBJ0617,during,CSP,2147.75
SUBJ0617,during,EBA175,2872.81
SUBJ0617,during,GLURP,931.95
SUBJ0617,during,MSP1,18544.1
SUBJ0618,before,AMA1,6673.09
SUBJ0618,before,CSP,1315.06
SUBJ0618,before,EBA175,392.93
SUBJ0618,before,GLURP,1108.91
SUBJ0618,before,MSP1,1016.61
SUBJ0618,during,AMA1,4536.26
SUBJ0618,during,CSP,4113.97
SUBJ0618,during,EBA175,2413.93
SUBJ0618,during,GLURP,826.34
SUBJ0618,during,MSP1,4242.33
SUBJ0619,before,AMA1,5218.18
SUBJ0619,before,CSP,5331.73
SUBJ0619,before,EBA175,6200.49
SUBJ0619,before,GLURP,2274.47
SUBJ0619,before,MSP1,5530.09
SUBJ0619,during,AMA1,534.67
SUBJ0619,during,CSP,872.76
SUBJ0619,during,EBA175,10521.68
SUBJ0619,during,GLURP,897.68
SUBJ0619,during,MSP1,3122.82
SUBJ0620,before,AMA1,6148.17
SUBJ0620,before,CSP,2347.84
SUBJ0620,before,EBA175,18860.16
SUBJ0620,before,GLURP,1226.93
SUBJ0620,before,MSP1,5382.83
SUBJ0620,during,AMA1,18851.17
SUBJ0620,during,CSP,1818.33
SUBJ0620,during,EBA175,2970
SUBJ0620,during,GLURP,3138.48
SUBJ0620,during,MSP1,3710.35
SUBJ0621,before,AMA1,843.33
SUBJ0621,before,CSP,577.73
SUBJ0621,before,EBA175,1090.75
SUBJ0621,before,GLURP,49.22
SUBJ0621,before,MSP1,276.99
SUBJ0621,during,AMA1,214.91
SUBJ0621,during,CSP,938.37
SUBJ0621,during,EBA175,315.85
SUBJ0621,during,GLURP,39.19
SUBJ0621,during,MSP1,214.81
SUBJ0622,before,AMA1,1207.06
SUBJ0622,before,CSP,2401.48
SUBJ0622,before,EBA175,645.87
SUBJ0622,before,GLURP,387.01
SUBJ0622,before,MSP1,647.72
SUBJ0622,during,AMA1,1616.3
SUBJ0622,during,CSP,3734.69
SUBJ0622,during,EBA175,17202.14
SUBJ0622,during,GLURP,368.21
SUBJ0622,during,MSP1,794.95
SUBJ0623,before,AMA1,542.88
SUBJ0623,before,CSP,1607.54
SUBJ0623,before,EBA175,799.05
SUBJ0623,before,GLURP,150.86
SUBJ0623,before,MSP1,1747.57
SUBJ0623,during,AMA1,869.67
SUBJ0623,during,CSP,320.47
SUBJ0623,during,EBA175,3056.41
SUBJ0623,during,GLURP,1788.92
SUBJ0623,during,MSP1,1077.31
SUBJ0624,before,AMA1,1317.46
SUBJ0624,before,CSP,267.37
SUBJ0624,before,EBA175,379.82
SUBJ0624,before,GLURP,175.99
SUBJ0624,before,MSP1,327.81
SUBJ0624,during,AMA1,1062.3
SUBJ0624,during,CSP,330.19
SUBJ0624,during,EBA175,228.5
SUBJ0624,during,GLURP,157.26
SUBJ0624,during,MSP1,194.21
SUBJ0625,before,AMA1,4245.57
SUBJ0625,before,CSP,715.52
SUBJ0625,before,EBA175,2386.55
SUBJ0625,before,GLURP,422.43
SUBJ0625,before,MSP1,49496.08
SUBJ0625,during,AMA1,3218.5
SUBJ0625,during,CSP,3313.54
SUBJ0625,during,EBA175,3218.09
SUBJ0625,during,GLURP,2074.35
SUBJ0625,during,MSP1,4457.05
SUBJ0626,before,AMA1,2918.16
SUBJ0626,before,CSP,2907.05
SUBJ0626,before,EBA175,3664.28
SUBJ0626,before,GLURP,1684.57
SUBJ0626,before,MSP1,1494.45
SUBJ0626,during,AMA1,1404.31
SUBJ0626,during,CSP,2217.78
SUBJ0626,during,EBA175,3988.93
SUBJ0626,during,GLURP,1137.81
SUBJ0626,during,MSP1,3649.23
SUBJ0627,before,AMA1,580.08
SUBJ0627,before,CSP,246.71
SUBJ0627,before,EBA175,405.52
SUBJ0627,before,GLURP,87.11
SUBJ0627,before,MSP1,39
SUBJ0627,during,AMA1,1416.96
SUBJ0627,during,CSP,84.17
SUBJ0627,during,EBA175,298.98
SUBJ0627,during,GLURP,220.16
SUBJ0627,during,MSP1,80.9
SUBJ0628,before,AMA1,26759.45
SUBJ0628,before,CSP,1359.55
SUBJ0628,before,EBA175,14826.04
SUBJ0628,before,GLURP,2318.73
SUBJ0628,before,MSP1,3973.98
SUBJ0628,during,AMA1,2168.84
SUBJ0628,during,CSP,10866.91
SUBJ0628,during,EBA175,9844.04
SUBJ0628,during,GLURP,5258.43
SUBJ0628,during,MSP1,3243.24
SUBJ0629,before,AMA1,19853.51
SUBJ0629,before,CSP,1165.56
SUBJ0629,before,EBA175,993.28
SUBJ0629,before,GLURP,489.14
SUBJ0629,before,MSP1,998.54
SUBJ0629,during,AMA1,1794.93
SUBJ0629,during,CSP,4156.71
SUBJ0629,during,EBA175,5255.5
SUBJ0629,during,GLURP,997.66
SUBJ0629,during,MSP1,1729.94
SUBJ0630,before,AMA1,3122.29
SUBJ0630,before,CSP,4672.46
SUBJ0630,before,EBA175,2045.12
SUBJ0630,before,GLURP,1102.22
SUBJ0630,before,MSP1,1964.65
SUBJ0630,during,AMA1,1872.64
SUBJ0630,during,CSP,1910.15
SUBJ0630,during,EBA175,5914.13
SUBJ0630,during,GLURP,2424.1
SUBJ0630,during,MSP1,14820.1
SUBJ0631,before,AMA1,239.73
SUBJ0631,before,CSP,101.32
SUBJ0631,before,EBA175,25.76
SUBJ0631,before,GLURP,85.34
SUBJ0631,before,MSP1,196.13
SUBJ0631,during,AMA1,647.87
SUBJ0631,during,CSP,261.19
SUBJ0631,during,EBA175,180.66
SUBJ0631,during,GLURP,158.24
SUBJ0631,during,MSP1,451.73
SUBJ0632,before,AMA1,1605.46
SUBJ0632,before,CSP,207.69
SUBJ0632,before,EBA175,1648.59
SUBJ0632,before,GLURP,4231.19
SUBJ0632,before,MSP1,375.28
SUBJ0632,during,AMA1,3713.08
SUBJ0632,during,CSP,1583.94
SUBJ0632,during,EBA175,2963.12
SUBJ0632,during,GLURP,1238.07
SUBJ0632,during,MSP1,1241.37
SUBJ0633,before,AMA1,611.32
SUBJ0633,before,CSP,381.83
SUBJ0633,before,EBA175,552.52
SUBJ0633,before,GLURP,111.18
SUBJ0633,before,MSP1,289.99
SUBJ0633,during,AMA1,1729.37
SUBJ0633,during,CSP,710.19
SUBJ0633,during,EBA175,412.32
SUBJ0633,during,GLURP,183.73
SUBJ0633,during,MSP1,980.2
SUBJ0634,before,AMA1,819.84
SUBJ0634,before,CSP,885.56
SUBJ0634,before,EBA175,3771.79
SUBJ0634,before,GLURP,646.56
SUBJ0634,before,MSP1,1491.61
SUBJ0634,during,AMA1,2989.56
SUBJ0634,during,CSP,638.09
SUBJ0634,during,EBA175,3357.85
SUBJ0634,during,GLURP,1275.94
SUBJ0634,during,MSP1,1579.2
SUBJ0635,before,AMA1,1697.21
SUBJ0635,before,CSP,6423.33
SUBJ0635,before,EBA175,13875.44
SUBJ0635,before,GLURP,202.35
SUBJ0635,before,MSP1,3325.71
SUBJ0635,during,AMA1,7031.43
SUBJ0635,during,CSP,3765.82
SUBJ0635,during,EBA175,2591.04
SUBJ0635,during,GLURP,2838.02
SUBJ0635,during,MSP1,3929.71
SUBJ0636,before,AMA1,256.98
SUBJ0636,before,CSP,1611.09
SUBJ0636,before,EBA175,449.16
SUBJ0636,before,GLURP,92.66
SUBJ0636,before,MSP1,417.33
SUBJ0636,during,AMA1,435.6
SUBJ0636,during,CSP,319.24
SUBJ0636,during,EBA175,528.03
SUBJ0636,during,GLURP,734.96
SUBJ0636,during,MSP1,117.24
SUBJ0637,during,AMA1,95.73
SUBJ0637,during,CSP,177.02
SUBJ0637,during,EBA175,205.3
SUBJ0637,during,GLURP,20.34
SUBJ0637,during,MSP1,139.87
SUBJ0638,before,AMA1,743.79
SUBJ0638,before,CSP,730.5
SUBJ0638,before,EBA175,841.86
SUBJ0638,before,GLURP,1584.67
SUBJ0638,before,MSP1,680.14
SUBJ0638,during,AMA1,2163.88
SUBJ0638,during,CSP,1277.87
SUBJ0638,during,EBA175,652.53
SUBJ0638,during,GLURP,283.52
SUBJ0638,during,MSP1,295.92
SUBJ0639,before,AMA1,2853.91
SUBJ0639,before,CSP,1088.72
SUBJ0639,before,EBA175,9647
SUBJ0639,before,GLURP,119.78
SUBJ0639,before,MSP1,2900.78
SUBJ0639,during,AMA1,1884.16
SUBJ0639,during,CSP,4434.03
SUBJ0639,during,EBA175,530.98
SUBJ0639,during,GLURP,454.68
SUBJ0639,during,MSP1,494.51
SUBJ0640,before,AMA1,432.57
SUBJ0640,before,CSP,387.59
SUBJ0640,before,EBA175,2698.37
SUBJ0640,before,GLURP,478.47
SUBJ0640,before,MSP1,689.8
SUBJ0640,during,AMA1,1280.57
SUBJ0640,during,CSP,267.41
SUBJ0640,during,EBA175,1430.57
SUBJ0640,during,GLURP,972.63
SUBJ0640,during,MSP1,2076.38
SUBJ0641,before,AMA1,442.69
SUBJ0641,before,CSP,1601.25
SUBJ0641,before,EBA175,1891.03
SUBJ0641,before,GLURP,268.83
SUBJ0641,before,MSP1,1982.11
SUBJ0641,during,AMA1,1049.42
SUBJ0641,during,CSP,774.05
SUBJ0641,during,EBA175,1367.23
SUBJ0641,during,GLURP,165.45
SUBJ0641,during,MSP1,269.32
SUBJ0642,before,AMA1,1207.17
SUBJ0642,before,CSP,637.39
SUBJ0642,before,EBA175,1364.87
SUBJ0642,before,GLURP,1400.56
SUBJ0642,before,MSP1,541.09
SUBJ0642,during,AMA1,738.33
SUBJ0642,during,CSP,1600.16
SUBJ0642,during,EBA175,5417.38
SUBJ0642,during,GLURP,1020.73
SUBJ0642,during,MSP1,3527.81
SUBJ0643,before,AMA1,1824.39
SUBJ0643,before,CSP,2757.79
SUBJ0643,before,EBA175,5950.89
SUBJ0643,before,GLURP,1243.59
SUBJ0643,before,MSP1,2276.42
SUBJ0643,during,AMA1,5055.37
SUBJ0643,during,CSP,4847.22
SUBJ0643,during,EBA175,13965.02
SUBJ0643,during,GLURP,3340.65
SUBJ0643,during,MSP1,1937.63
SUBJ0644,before,AMA1,3682.39
SUBJ0644,before,CSP,686.5
SUBJ0644,before,EBA175,2115.62
SUBJ0644,before,GLURP,1236
SUBJ0644,before,MSP1,4785.38
SUBJ0644,during,AMA1,9462.37
SUBJ0644,during,CSP,2086.01
SUBJ0644,during,EBA175,7912.6
SUBJ0644,during,GLURP,6437.25
SUBJ0644,during,MSP1,2883.92
SUBJ0645,before,AMA1,1375.95
SUBJ0645,before,CSP,195.35
SUBJ0645,before,EBA175,416.71
SUBJ0645,before,GLURP,98.23
SUBJ0645,before,MSP1,1193.26
SUBJ0645,during,AMA1,514.1
SUBJ0645,during,CSP,728.39
SUBJ0645,during,EBA175,450.78
SUBJ0645,during,GLURP,214.56
SUBJ0645,during,MSP1,618.24
SUBJ0646,before,AMA1,206.36
SUBJ0646,before,CSP,8420.64
SUBJ0646,before,EBA175,1974.4
SUBJ0646,before,GLURP,1436.12
SUBJ0646,before,MSP1,4397.61
SUBJ0646,during,AMA1,627.65
SUBJ0646,during,CSP,3363.41
SUBJ0646,during,EBA175,2368.92
SUBJ0646,during,GLURP,231.81
SUBJ0646,during,MSP1,2597.39
SUBJ0647,before,AMA1,391.05
SUBJ0647,before,CSP,53.13
SUBJ0647,before,EBA175,185.99
SUBJ0647,before,GLURP,132.22
SUBJ0647,before,MSP1,152.62
SUBJ0647,during,AMA1,523.87
SUBJ0647,during,CSP,76.92
SUBJ0647,during,EBA175,1788.19
SUBJ0647,during,GLURP,163.01
SUBJ0647,during,MSP1,177.32
SUBJ0648,before,AMA1,1374.02
SUBJ0648,before,CSP,460.96
SUBJ0648,before,EBA175,473.41
SUBJ0648,before,GLURP,608.95
SUBJ0648,before,MSP1,346.53
SUBJ0648,during,AMA1,874.93
SUBJ0648,during,CSP,614.44
SUBJ0648,during,EBA175,214.16
SUBJ0648,during,GLURP,336.13
SUBJ0648,during,MSP1,303.73
SUBJ0649,before,AMA1,583.42
SUBJ0649,before,CSP,752.7
SUBJ0649,before,EBA175,210.05
SUBJ0649,before,GLURP,570.49
SUBJ0649,before,MSP1,256.23
SUBJ0649,during,AMA1,309.39
SUBJ0649,during,CSP,305.3
SUBJ0649,during,EBA175,668.28
SUBJ0649,during,GLURP,191.81
SUBJ0649,during,MSP1,513.3
SUBJ0650,before,AMA1,2053.76
SUBJ0650,before,CSP,1771.91
SUBJ0650,before,EBA175,2590.02
SUBJ0650,before,GLURP,2452.77
SUBJ0650,before,MSP1,666.38
SUBJ0650,during,AMA1,2876.02
SUBJ0650,during,CSP,1529.8
SUBJ0650,during,EBA175,2102.93
SUBJ0650,during,GLURP,168.86
SUBJ0650,during,MSP1,1694.7
SUBJ0651,before,AMA1,766.44
SUBJ0651,before,CSP,1114.57
SUBJ0651,before,EBA175,3503.13
SUBJ0651,before,GLURP,282.63
SUBJ0651,before,MSP1,4179.27
SUBJ0651,during,AMA1,6429.96
SUBJ0651,during,CSP,463.4
SUBJ0651,during,EBA175,2686.5
SUBJ0651,during,GLURP,5936.55
SUBJ0651,during,MSP1,1637.77
SUBJ0652,before,AMA1,557.82
SUBJ0652,before,CSP,2494.65
SUBJ0652,before,EBA175,13155.87
SUBJ0652,before,GLURP,1594.67
SUBJ0652,before,MSP1,3611.11
SUBJ0652,during,AMA1,6237.89
SUBJ0652,during,CSP,10106.58
SUBJ0652,during,EBA175,936.22
SUBJ0652,during,GLURP,4743.17
SUBJ0652,during,MSP1,2444.69
SUBJ0653,before,AMA1,1593.75
SUBJ0653,before,CSP,716.29
SUBJ0653,before,EBA175,1655.99
SUBJ0653,before,GLURP,637.37
SUBJ0653,before,MSP1,627.32
SUBJ0653,during,AMA1,6726.99
SUBJ0653,during,CSP,1412.29
SUBJ0653,during,EBA175,751.95
SUBJ0653,during,GLURP,794.43
SUBJ0653,during,MSP1,2946.53
SUBJ0654,before,AMA1,33.55
SUBJ0654,before,CSP,124.18
SUBJ0654,before,EBA175,59.48
SUBJ0654,before,GLURP,40.74
SUBJ0654,before,MSP1,67.81
SUBJ0654,during,AMA1,278.76
SUBJ0654,during,CSP,412.76
SUBJ0654,during,EBA175,154.77
SUBJ0654,during,GLURP,148.07
SUBJ0654,during,MSP1,36.44
SUBJ0655,before,AMA1,674.93
SUBJ0655,before,CSP,511.59
SUBJ0655,before,EBA175,668.02
SUBJ0655,before,GLURP,2708.7
SUBJ0655,before,MSP1,1353.85
SUBJ0655,during,AMA1,374.58
SUBJ0655,during,CSP,492.62
SUBJ0655,during,EBA175,2472.94
SUBJ0655,during,GLURP,2309.2
SUBJ0655,during,MSP1,946.09
SUBJ0656,before,AMA1,4348.62
SUBJ0656,before,CSP,579.18
SUBJ0656,before,EBA175,41049.05
SUBJ0656,before,GLURP,137.98
SUBJ0656,before,MSP1,1430.11
SUBJ0656,during,AMA1,985.39
SUBJ0656,during,CSP,2049.47
SUBJ0656,during,EBA175,2120.05
SUBJ0656,during,GLURP,766.65
SUBJ0656,during,MSP1,3131.34
SUBJ0657,before,AMA1,1191.25
SUBJ0657,before,CSP,348.43
SUBJ0657,before,EBA175,4949.64
SUBJ0657,before,GLURP,276.27
SUBJ0657,before,MSP1,2874.41
SUBJ0657,during,AMA1,2225.74
SUBJ0657,during,CSP,266.15
SUBJ0657,during,EBA175,1671.95
SUBJ0657,during,GLURP,772.29
SUBJ0657,during,MSP1,1920.49
SUBJ0658,before,AMA1,554.54
SUBJ0658,before,CSP,1422.8
SUBJ0658,before,EBA175,543.51
SUBJ0658,before,GLURP,1699.52
SUBJ0658,before,MSP1,1090.56
SUBJ0658,during,AMA1,1956.08
SUBJ0658,during,CSP,3447.68
SUBJ0658,during,EBA175,2571.62
SUBJ0658,during,GLURP,394.62
SUBJ0658,during,MSP1,3575.56
SUBJ0659,before,AMA1,4017.12
SUBJ0659,before,CSP,999.11
SUBJ0659,before,EBA175,10055.43
SUBJ0659,before,GLURP,1663.38
SUBJ0659,before,MSP1,258.43
SUBJ0659,during,AMA1,1399.44
SUBJ0659,during,CSP,914.96
SUBJ0659,during,EBA175,1279.22
SUBJ0659,during,GLURP,160.61
SUBJ0659,during,MSP1,203.16
SUBJ0660,before,AMA1,2321.68
SUBJ0660,before,CSP,351.85
SUBJ0660,before,EBA175,4278.63
SUBJ0660,before,GLURP,2526.63
SUBJ0660,before,MSP1,301.28
SUBJ0660,during,AMA1,1390.82
SUBJ0660,during,CSP,1607.73
SUBJ0660,during,EBA175,2411.15
SUBJ0660,during,GLURP,562.72
SUBJ0660,during,MSP1,1215.32
SUBJ0661,before,AMA1,9582.38
SUBJ0661,before,CSP,3709.68
SUBJ0661,before,EBA175,1776.4
SUBJ0661,before,GLURP,6829.62
SUBJ0661,before,MSP1,2271.94
SUBJ0661,during,AMA1,278.42
SUBJ0661,during,CSP,4224.23
SUBJ0661,during,EBA175,1138.13
SUBJ0661,during,GLURP,2421.61
SUBJ0661,during,MSP1,1832.19
SUBJ0662,before,AMA1,1280.16
SUBJ0662,before,CSP,3169.58
SUBJ0662,before,EBA175,1477.92
SUBJ0662,before,GLURP,162.02
SUBJ0662,before,MSP1,1822.04
SUBJ0662,during,AMA1,2518.57
SUBJ0662,during,CSP,352.32
SUBJ0662,during,EBA175,1911.55
SUBJ0662,during,GLURP,1285.46
SUBJ0662,during,MSP1,732.6
SUBJ0663,before,AMA1,5173.35
SUBJ0663,before,CSP,7251.25
SUBJ0663,before,EBA175,5085.74
SUBJ0663,before,GLURP,4511.16
SUBJ0663,before,MSP1,3021.19
SUBJ0663,during,AMA1,2534.28
SUBJ0663,during,CSP,1796.01
SUBJ0663,during,EBA175,28876.33
SUBJ0663,during,GLURP,25559.57
SUBJ0663,during,MSP1,3033.4
SUBJ0664,before,AMA1,3196.88
SUBJ0664,before,CSP,3095.41
SUBJ0664,before,EBA175,2206.21
SUBJ0664,before,GLURP,1572.23
SUBJ0664,before,MSP1,1409.82
SUBJ0664,during,AMA1,3000.44
SUBJ0664,during,CSP,702.28
SUBJ0664,during,EBA175,1623.23
SUBJ0664,during,GLURP,1058.64
SUBJ0664,during,MSP1,3780.31
SUBJ0665,before,AMA1,433.8
SUBJ0665,before,CSP,165.53
SUBJ0665,before,EBA175,1533.05
SUBJ0665,before,GLURP,74.1
SUBJ0665,before,MSP1,298.23
SUBJ0665,during,AMA1,178.95
SUBJ0665,during,CSP,184.97
SUBJ0665,during,EBA175,118.3
SUBJ0665,during,GLURP,104.34
SUBJ0665,during,MSP1,347.89
SUBJ0666,before,AMA1,309.03
SUBJ0666,before,CSP,75.39
SUBJ0666,before,EBA175,624.57
SUBJ0666,before,GLURP,238.15
SUBJ0666,before,MSP1,1244.19
SUBJ0666,during,AMA1,1552.81
SUBJ0666,during,CSP,1407.88
SUBJ0666,during,EBA175,2469.74
SUBJ0666,during,GLURP,127.11
SUBJ0666,during,MSP1,2561.06
SUBJ0667,before,AMA1,159.68
SUBJ0667,before,CSP,223.55
SUBJ0667,before,EBA175,614.16
SUBJ0667,before,GLURP,39.62
SUBJ0667,before,MSP1,230.91
SUBJ0667,during,AMA1,125.28
SUBJ0667,during,CSP,13.89
SUBJ0667,during,EBA175,446.85
SUBJ0667,during,GLURP,205.04
SUBJ0667,during,MSP1,351.53
SUBJ0668,before,AMA1,1208.76
SUBJ0668,before,CSP,52.36
SUBJ0668,before,EBA175,4072.34
SUBJ0668,before,GLURP,360.95
SUBJ0668,before,MSP1,1322
SUBJ0668,during,AMA1,964.65
SUBJ0668,during,CSP,218.75
SUBJ0668,during,EBA175,298.43
SUBJ0668,during,GLURP,268.19
SUBJ0668,during,MSP1,183.1
SUBJ0669,before,AMA1,1901.97
SUBJ0669,before,CSP,16055.75
SUBJ0669,before,EBA175,969.35
SUBJ0669,before,GLURP,536.85
SUBJ0669,before,MSP1,2041.61
SUBJ0669,during,AMA1,2610.12
SUBJ0669,during,CSP,3287.72
SUBJ0669,during,EBA175,3351.6
SUBJ0669,during,GLURP,3506.61
SUBJ0669,during,MSP1,743.62
SUBJ0670,before,AMA1,17642.41
SUBJ0670,before,CSP,4556.25
SUBJ0670,before,EBA175,2902.28
SUBJ0670,before,GLURP,330.52
SUBJ0670,before,MSP1,2239.87
SUBJ0670,during,AMA1,27819.82
SUBJ0670,during,CSP,1399.43
SUBJ0670,during,EBA175,1796.94
SUBJ0670,during,GLURP,2516.97
SUBJ0670,during,MSP1,6861.96
SUBJ0671,before,AMA1,3227.89
SUBJ0671,before,CSP,398.19
SUBJ0671,before,EBA175,1989.53
SUBJ0671,before,GLURP,6435.15
SUBJ0671,before,MSP1,875.25
SUBJ0671,during,AMA1,2070.97
SUBJ0671,during,CSP,4542.33
SUBJ0671,during,EBA175,1300.46
SUBJ0671,during,GLURP,2318.24
SUBJ0671,during,MSP1,480.59
SUBJ0672,before,AMA1,474.42
SUBJ0672,before,CSP,925.43
SUBJ0672,before,EBA175,4912.2
SUBJ0672,before,GLURP,1454.87
SUBJ0672,before,MSP1,403.5
SUBJ0672,during,AMA1,1718.74
SUBJ0672,during,CSP,1750.74
SUBJ0672,during,EBA175,924.53
SUBJ0672,during,GLURP,817.25
SUBJ0672,during,MSP1,1199.56
SUBJ0673,before,AMA1,347.15
SUBJ0673,before,CSP,710.68
SUBJ0673,before,EBA175,1317.2
SUBJ0673,before,GLURP,8278.23
SUBJ0673,before,MSP1,1245.04
SUBJ0673,during,AMA1,847.85
SUBJ0673,during,CSP,352.82
SUBJ0673,during,EBA175,5078.68
SUBJ0673,during,GLURP,2353.87
SUBJ0673,during,MSP1,639.42
SUBJ0674,before,AMA1,140
SUBJ0674,before,CSP,263.67
SUBJ0674,before,EBA175,303.61
SUBJ0674,before,GLURP,190.88
SUBJ0674,before,MSP1,690.41
SUBJ0674,during,AMA1,163.04
SUBJ0674,during,CSP,187.11
SUBJ0674,during,EBA175,704.79
SUBJ0674,during,GLURP,152.51
SUBJ0674,during,MSP1,566.63
SUBJ0675,before,AMA1,381.9
SUBJ0675,before,CSP,1829.97
SUBJ0675,before,EBA175,726.69
SUBJ0675,before,GLURP,1804.2
SUBJ0675,before,MSP1,298.01
SUBJ0675,during,AMA1,4790.48
SUBJ0675,during,CSP,311.61
SUBJ0675,during,EBA175,2364.32
SUBJ0675,during,GLURP,662.99
SUBJ0675,during,MSP1,2404.78
SUBJ0676,before,AMA1,7059.87
SUBJ0676,before,CSP,1956.26
SUBJ0676,before,EBA175,3083.33
SUBJ0676,before,GLURP,760.93
SUBJ0676,before,MSP1,351.05
SUBJ0676,during,AMA1,1494.62
SUBJ0676,during,CSP,5967.92
SUBJ0676,during,EBA175,1985.46
SUBJ0676,during,GLURP,412.8
SUBJ0676,during,MSP1,1753.18
SUBJ0677,before,AMA1,9466.65
SUBJ0677,before,CSP,1544.27
SUBJ0677,before,EBA175,1862.74
SUBJ0677,before,GLURP,653.71
SUBJ0677,before,MSP1,2036.77
SUBJ0677,during,AMA1,9134.14
SUBJ0677,during,CSP,1501.19
SUBJ0677,during,EBA175,3724.01
SUBJ0677,during,GLURP,4741.01
SUBJ0677,during,MSP1,2147.75
SUBJ0678,before,AMA1,594.61
SUBJ0678,before,CSP,186.88
SUBJ0678,before,EBA175,7643.8
SUBJ0678,before,GLURP,564.75
SUBJ0678,before,MSP1,1826.88
SUBJ0678,during,AMA1,4471.93
SUBJ0678,during,CSP,1794.3
SUBJ0678,during,EBA175,3569.94
SUBJ0678,during,GLURP,375.89
SUBJ0678,during,MSP1,190.8
SUBJ0679,before,AMA1,2883.55
SUBJ0679,before,CSP,6271.62
SUBJ0679,before,EBA175,8860.84
SUBJ0679,before,GLURP,2083.4
SUBJ0679,before,MSP1,920.53
SUBJ0679,during,AMA1,1104.62
SUBJ0679,during,CSP,716.37
SUBJ0679,during,EBA175,5553.79
SUBJ0679,during,GLURP,3097.08
SUBJ0679,during,MSP1,2405.36
SUBJ0680,before,AMA1,768.79
SUBJ0680,before,CSP,974.92
SUBJ0680,before,EBA175,2757.88
SUBJ0680,before,GLURP,676.04
SUBJ0680,before,MSP1,469.02
SUBJ0680,during,AMA1,576.28
SUBJ0680,during,CSP,1890.1
SUBJ0680,during,EBA175,399.95
SUBJ0680,during,GLURP,410.46
SUBJ0680,during,MSP1,731.89
SUBJ0681,before,AMA1,18106.93
SUBJ0681,before,CSP,1151.84
SUBJ0681,before,EBA175,8272.43
SUBJ0681,before,GLURP,1749.59
SUBJ0681,before,MSP1,7429.63
SUBJ0681,during,AMA1,1064.55
SUBJ0681,during,CSP,1340.69
SUBJ0681,during,EBA175,7389.17
SUBJ0681,during,GLURP,1050.85
SUBJ0681,during,MSP1,4045.9
SUBJ0682,before,AMA1,152.51
SUBJ0682,before,CSP,7.18
SUBJ0682,before,EBA175,119.63
SUBJ0682,before,GLURP,25.14
SUBJ0682,before,MSP1,203.67
SUBJ0682,during,AMA1,583.3
SUBJ0682,during,CSP,44.42
SUBJ0682,during,EBA175,288.13
SUBJ0682,during,GLURP,216.8
SUBJ0682,during,MSP1,62.93
SUBJ0683,before,AMA1,638.54
SUBJ0683,before,CSP,126.35
SUBJ0683,before,EBA175,507.2
SUBJ0683,before,GLURP,230.53
SUBJ0683,before,MSP1,693.93
SUBJ0683,during,AMA1,2036.14
SUBJ0683,during,CSP,491.01
SUBJ0683,during,EBA175,296.67
SUBJ0683,during,GLURP,478.4
SUBJ0683,during,MSP1,4377.56
SUBJ0684,before,AMA1,3600.55
SUBJ0684,before,CSP,4146.74
SUBJ0684,before,EBA175,2171.3
SUBJ0684,before,GLURP,662.17
SUBJ0684,before,MSP1,4060.01
SUBJ0684,during,AMA1,4023.63
SUBJ0684,during,CSP,926.54
SUBJ0684,during,EBA175,3935.9
SUBJ0684,during,GLURP,642.63
SUBJ0684,during,MSP1,3704.35
SUBJ0685,before,AMA1,958.39
SUBJ0685,before,CSP,3565.21
SUBJ0685,before,EBA175,2983.18
SUBJ0685,before,GLURP,403.57
SUBJ0685,before,MSP1,2405.31
SUBJ0685,during,AMA1,5630.48
SUBJ0685,during,CSP,3606.25
SUBJ0685,during,EBA175,2411.65
SUBJ0685,during,GLURP,1886.51
SUBJ0685,during,MSP1,8329.23
SUBJ0686,before,AMA1,1031.87
SUBJ0686,before,CSP,1393.85
SUBJ0686,before,EBA175,2253.8
SUBJ0686,before,GLURP,2421.3
SUBJ0686,before,MSP1,11149.73
SUBJ0686,during,AMA1,2341.79
SUBJ0686,during,CSP,3876.91
SUBJ0686,during,EBA175,5527.87
SUBJ0686,during,GLURP,2063.3
SUBJ0686,during,MSP1,7156.48
SUBJ0687,before,AMA1,7890.16
SUBJ0687,before,CSP,2621.28
SUBJ0687,before,EBA175,2493.51
SUBJ0687,before,GLURP,1506.91
SUBJ0687,before,MSP1,1858.51
SUBJ0687,during,AMA1,1284.04
SUBJ0687,during,CSP,833.31
SUBJ0687,during,EBA175,974.03
SUBJ0687,during,GLURP,689.42
SUBJ0687,during,MSP1,426.45
SUBJ0688,before,AMA1,429.99
SUBJ0688,before,CSP,114.47
SUBJ0688,before,EBA175,478.16
SUBJ0688,before,GLURP,26.39
SUBJ0688,before,MSP1,60.14
SUBJ0688,during,AMA1,97.71
SUBJ0688,during,CSP,149.72
SUBJ0688,during,EBA175,162.46
SUBJ0688,during,GLURP,88.84
SUBJ0688,during,MSP1,53.28
SUBJ0689,before,AMA1,114.76
SUBJ0689,before,CSP,342.12
SUBJ0689,before,EBA175,5033.09
SUBJ0689,before,GLURP,186.59
SUBJ0689,before,MSP1,63.45
SUBJ0689,during,AMA1,376.2
SUBJ0689,during,CSP,77.22
SUBJ0689,during,EBA175,3747.62
SUBJ0689,during,GLURP,952.18
SUBJ0689,during,MSP1,81.69
SUBJ0690,before,AMA1,1276.83
SUBJ0690,before,CSP,2478.03
SUBJ0690,before,EBA175,132.87
SUBJ0690,before,GLURP,55.29
SUBJ0690,before,MSP1,621.56
SUBJ0690,during,AMA1,97.66
SUBJ0690,during,CSP,462.99
SUBJ0690,during,EBA175,621.03
SUBJ0690,during,GLURP,1440.13
SUBJ0690,during,MSP1,357.42
SUBJ0691,before,AMA1,1458.31
SUBJ0691,before,CSP,620.25
SUBJ0691,before,EBA175,3392.84
SUBJ0691,before,GLURP,789.34
SUBJ0691,before,MSP1,244.99
SUBJ0691,during,AMA1,23409.19
SUBJ0691,during,CSP,292.88
SUBJ0691,during,EBA175,792.86
SUBJ0691,during,GLURP,381.17
SUBJ0691,during,MSP1,898.84
SUBJ0692,before,AMA1,6182.43
SUBJ0692,before,CSP,2898.8
SUBJ0692,before,EBA175,3063.19
SUBJ0692,before,GLURP,1910.56
SUBJ0692,before,MSP1,967.87
SUBJ0693,before,AMA1,1267.36
SUBJ0693,before,CSP,678.26
SUBJ0693,before,EBA175,649.38
SUBJ0693,before,GLURP,390.25
SUBJ0693,before,MSP1,404.21
SUBJ0693,during,AMA1,1789.04
SUBJ0693,during,CSP,362.16
SUBJ0693,during,EBA175,1726.74
SUBJ0693,during,GLURP,173.46
SUBJ0693,during,MSP1,532.37
SUBJ0694,before,AMA1,1222.02
SUBJ0694,before,CSP,4142.34
SUBJ0694,before,EBA175,2060.02
SUBJ0694,before,GLURP,253.93
SUBJ0694,before,MSP1,7047.4
SUBJ0694,during,AMA1,176.23
SUBJ0694,during,CSP,2819.66
SUBJ0694,during,EBA175,7382.08
SUBJ0694,during,GLURP,1424.3
SUBJ0694,during,MSP1,3049.88
SUBJ0695,before,AMA1,1545.23
SUBJ0695,before,CSP,575.58
SUBJ0695,before,EBA175,7509.24
SUBJ0695,before,GLURP,231.47
SUBJ0695,before,MSP1,1255.18
SUBJ0695,during,AMA1,778.88
SUBJ0695,during,CSP,189.16
SUBJ0695,during,EBA175,521.61
SUBJ0695,during,GLURP,1317.97
SUBJ0695,during,MSP1,56.12
SUBJ0696,before,AMA1,901.56
SUBJ0696,before,CSP,46.78
SUBJ0696,before,EBA175,98.76
SUBJ0696,before,GLURP,139.97
SUBJ0696,before,MSP1,61.14
SUBJ0696,during,AMA1,48.09
SUBJ0696,during,CSP,107.77
SUBJ0696,during,EBA175,71.6
SUBJ0696,during,GLURP,769.84
SUBJ0696,during,MSP1,326.23
SUBJ0697,before,AMA1,964.79
SUBJ0697,before,CSP,3447.58
SUBJ0697,before,EBA175,5327.83
SUBJ0697,before,GLURP,482.1
SUBJ0697,before,MSP1,1542.79
SUBJ0697,during,AMA1,1610.62
SUBJ0697,during,CSP,1451.35
SUBJ0697,during,EBA175,8103.25
SUBJ0697,during,GLURP,814.62
SUBJ0697,during,MSP1,703.29
SUBJ0698,before,AMA1,339.53
SUBJ0698,before,CSP,1798.42
SUBJ0698,before,EBA175,1593.07
SUBJ0698,before,GLURP,441.87
SUBJ0698,before,MSP1,2322.03
SUBJ0698,during,AMA1,1258.86
SUBJ0698,during,CSP,2042.83
SUBJ0698,during,EBA175,4838.25
SUBJ0698,during,GLURP,676.31
SUBJ0698,during,MSP1,878.79
SUBJ0699,before,AMA1,1101.46
SUBJ0699,before,CSP,1423.68
SUBJ0699,before,EBA175,2415.27
SUBJ0699,before,GLURP,374.41
SUBJ0699,before,MSP1,2784.12
SUBJ0699,during,AMA1,1274.11
SUBJ0699,during,CSP,439.18
SUBJ0699,during,EBA175,11860.97
SUBJ0699,during,GLURP,4784.25
SUBJ0699,during,MSP1,3262.67
SUBJ0700,before,AMA1,5254.26
SUBJ0700,before,CSP,1550.58
SUBJ0700,before,EBA175,2051.81
SUBJ0700,before,GLURP,1497.85
SUBJ0700,before,MSP1,630.46
SUBJ0700,during,AMA1,6381.21
SUBJ0700,during,CSP,814.33
SUBJ0700,during,EBA175,9956.42
SUBJ0700,during,GLURP,5492.11
SUBJ0700,during,MSP1,3786.84
SUBJ0701,before,AMA1,87.7
SUBJ0701,before,CSP,121.94
SUBJ0701,before,EBA175,125.31
SUBJ0701,before,GLURP,259.88
SUBJ0701,before,MSP1,389.04
SUBJ0701,during,AMA1,146.97
SUBJ0701,during,CSP,101.35
SUBJ0701,during,EBA175,661.93
SUBJ0701,during,GLURP,675.1
SUBJ0701,during,MSP1,63.3
SUBJ0702,before,AMA1,365.95
SUBJ0702,before,CSP,377.44
SUBJ0702,before,EBA175,101.03
SUBJ0702,before,GLURP,217.44
SUBJ0702,before,MSP1,153.54
SUBJ0702,during,AMA1,625.39
SUBJ0702,during,CSP,568.6
SUBJ0702,during,EBA175,276.07
SUBJ0702,during,GLURP,116.33
SUBJ0702,during,MSP1,163.79
SUBJ0703,before,AMA1,2943.76
SUBJ0703,before,CSP,2132.63
SUBJ0703,before,EBA175,4768.35
SUBJ0703,before,GLURP,4555.5
SUBJ0703,before,MSP1,1863.36
SUBJ0703,during,AMA1,486.58
SUBJ0703,during,CSP,3956.85
SUBJ0703,during,EBA175,1001.1
SUBJ0703,during,GLURP,568.33
SUBJ0703,during,MSP1,3307.97
SUBJ0704,before,AMA1,1401.68
SUBJ0704,before,CSP,936.41
SUBJ0704,before,EBA175,3962.09
SUBJ0704,before,GLURP,2174.04
SUBJ0704,before,MSP1,1927.91
SUBJ0704,during,AMA1,2436.62
SUBJ0704,during,CSP,7102.04
SUBJ0704,during,EBA175,1579.32
SUBJ0704,during,GLURP,3397.7
SUBJ0704,during,MSP1,3763.4
SUBJ0705,before,AMA1,2374.48
SUBJ0705,before,CSP,1242.06
SUBJ0705,before,EBA175,10035.89
SUBJ0705,before,GLURP,3240.51
SUBJ0705,before,MSP1,2000.98
SUBJ0705,during,AMA1,2242.1
SUBJ0705,during,CSP,1136.65
SUBJ0705,during,EBA175,5117.72
SUBJ0705,during,GLURP,1628.87
SUBJ0705,during,MSP1,2011.91
SUBJ0706,before,AMA1,1312.61
SUBJ0706,before,CSP,50.92
SUBJ0706,before,EBA175,302.14
SUBJ0706,before,GLURP,324.47
SUBJ0706,before,MSP1,663.55
SUBJ0706,during,AMA1,603.47
SUBJ0706,during,CSP,235.53
SUBJ0706,during,EBA175,1476.57
SUBJ0706,during,GLURP,179.46
SUBJ0706,during,MSP1,141.5
SUBJ0707,before,AMA1,1719.88
SUBJ0707,before,CSP,608.49
SUBJ0707,before,EBA175,1094.7
SUBJ0707,before,GLURP,3094.41
SUBJ0707,before,MSP1,1290.41
SUBJ0707,during,AMA1,1847.36
SUBJ0707,during,CSP,3196.25
SUBJ0707,during,EBA175,24334.95
SUBJ0707,during,GLURP,1217.78
SUBJ0707,during,MSP1,5565.78
SUBJ0708,before,AMA1,2965.64
SUBJ0708,before,CSP,173.81
SUBJ0708,before,EBA175,2652.39
SUBJ0708,before,GLURP,1579.91
SUBJ0708,before,MSP1,997.14
SUBJ0708,during,AMA1,9657.42
SUBJ0708,during,CSP,932.58
SUBJ0708,during,EBA175,566.47
SUBJ0708,during,GLURP,260.82
SUBJ0708,during,MSP1,582.33
SUBJ0709,before,AMA1,89.61
SUBJ0709,before,CSP,111.87
SUBJ0709,before,EBA175,1637.38
SUBJ0709,before,GLURP,45.25
SUBJ0709,before,MSP1,236.66
SUBJ0709,during,AMA1,2489.03
SUBJ0709,during,CSP,101.65
SUBJ0709,during,EBA175,922.06
SUBJ0709,during,GLURP,219.54
SUBJ0709,during,MSP1,632.99
SUBJ0710,before,AMA1,2939.59
SUBJ0710,before,CSP,2354.78
SUBJ0710,before,EBA175,12245.08
SUBJ0710,before,GLURP,1246.21
SUBJ0710,before,MSP1,2902.55
SUBJ0710,during,AMA1,6581.38
SUBJ0710,during,CSP,1516.67
SUBJ0710,during,EBA175,2649.54
SUBJ0710,during,GLURP,885.66
SUBJ0710,during,MSP1,820.38
SUBJ0711,before,AMA1,1317.24
SUBJ0711,before,CSP,1019.92
SUBJ0711,before,EBA175,489.93
SUBJ0711,before,GLURP,1145.3
SUBJ0711,before,MSP1,4032.63
SUBJ0711,during,AMA1,12261.35
SUBJ0711,during,CSP,2867
SUBJ0711,during,EBA175,7685.73
SUBJ0711,during,GLURP,231.79
SUBJ0711,during,MSP1,21402.45
SUBJ0712,before,AMA1,684.64
SUBJ0712,before,CSP,217.22
SUBJ0712,before,EBA175,716.51
SUBJ0712,before,GLURP,153.13
SUBJ0712,before,MSP1,571.82
SUBJ0712,during,AMA1,791.46
SUBJ0712,during,CSP,242.29
SUBJ0712,during,EBA175,1503.27
SUBJ0712,during,GLURP,141.78
SUBJ0712,during,MSP1,497.52
SUBJ0713,before,AMA1,1696.33
SUBJ0713,before,CSP,3488.11
SUBJ0713,before,EBA175,3249.37
SUBJ0713,before,GLURP,160
SUBJ0713,before,MSP1,2766.97
SUBJ0713,during,AMA1,731.76
SUBJ0713,during,CSP,4846.98
SUBJ0713,during,EBA175,2945.43
SUBJ0713,during,GLURP,543.7
SUBJ0713,during,MSP1,2300.65
SUBJ0714,before,AMA1,219.76
SUBJ0714,before,CSP,204.37
SUBJ0714,before,EBA175,403.44
SUBJ0714,before,GLURP,192.02
SUBJ0714,before,MSP1,419.43
SUBJ0714,during,AMA1,325.24
SUBJ0714,during,CSP,153.58
SUBJ0714,during,EBA175,184.75
SUBJ0714,during,GLURP,548.71
SUBJ0714,during,MSP1,666.83
SUBJ0715,before,AMA1,4659.9
SUBJ0715,before,CSP,2854.12
SUBJ0715,before,EBA175,1466.98
SUBJ0715,before,GLURP,437.04
SUBJ0715,before,MSP1,928.54
SUBJ0715,during,AMA1,476.06
SUBJ0715,during,CSP,524.71
SUBJ0715,during,EBA175,155.05
SUBJ0715,during,GLURP,727.95
SUBJ0715,during,MSP1,738.51
SUBJ0716,before,AMA1,1189.36
SUBJ0716,before,CSP,3405.89
SUBJ0716,before,EBA175,18721.31
SUBJ0716,before,GLURP,1538.55
SUBJ0716,before,MSP1,19006.22
SUBJ0716,during,AMA1,3898.68
SUBJ0716,during,CSP,5664.63
SUBJ0716,during,EBA175,2268.92
SUBJ0716,during,GLURP,1485.82
SUBJ0716,during,MSP1,549.84
SUBJ0717,before,AMA1,2491.29
SUBJ0717,before,CSP,446.29
SUBJ0717,before,EBA175,1054.66
SUBJ0717,before,GLURP,232.15
SUBJ0717,before,MSP1,376.97
SUBJ0717,during,AMA1,126.66
SUBJ0717,during,CSP,604.09
SUBJ0717,during,EBA175,1479.59
SUBJ0717,during,GLURP,1559.73
SUBJ0717,during,MSP1,900.78
SUBJ0718,before,AMA1,295.44
SUBJ0718,before,CSP,129.57
SUBJ0718,before,EBA175,932.8
SUBJ0718,before,GLURP,271.5
SUBJ0718,before,MSP1,139.46
SUBJ0718,during,AMA1,797.47
SUBJ0718,during,CSP,136.36
SUBJ0718,during,EBA175,658.28
SUBJ0718,during,GLURP,137.35
SUBJ0718,during,MSP1,711.02
SUBJ0719,before,AMA1,419.47
SUBJ0719,before,CSP,67.75
SUBJ0719,before,EBA175,880.35
SUBJ0719,before,GLURP,1615.03
SUBJ0719,before,MSP1,2541.06
SUBJ0719,during,AMA1,1049.59
SUBJ0719,during,CSP,298.19
SUBJ0719,during,EBA175,2687.96
SUBJ0719,during,GLURP,1950.94
SUBJ0719,during,MSP1,364.81
SUBJ0720,before,AMA1,7129.05
SUBJ0720,before,CSP,13749.51
SUBJ0720,before,EBA175,2275.28
SUBJ0720,before,GLURP,1581.57
SUBJ0720,before,MSP1,947.93
SUBJ0720,during,AMA1,11146.92
SUBJ0720,during,CSP,1995.6
SUBJ0720,during,EBA175,4912.68
SUBJ0720,during,GLURP,772.9
SUBJ0720,during,MSP1,2350.62
SUBJ0721,before,AMA1,13042.94
SUBJ0721,before,CSP,374.74
SUBJ0721,before,EBA175,3251.67
SUBJ0721,before,GLURP,2808.88
SUBJ0721,before,MSP1,2691.41
SUBJ0721,during,AMA1,1369.85
SUBJ0721,during,CSP,1716.49
SUBJ0721,during,EBA175,24369.4
SUBJ0721,during,GLURP,249.37
SUBJ0721,during,MSP1,7337.63
SUBJ0722,before,AMA1,8616.64
SUBJ0722,before,CSP,1344.41
SUBJ0722,before,EBA175,1673.64
SUBJ0722,before,GLURP,2281.19
SUBJ0722,before,MSP1,2858.08
SUBJ0722,during,AMA1,1639.87
SUBJ0722,during,CSP,5411.06
SUBJ0722,during,EBA175,6734.43
SUBJ0722,during,GLURP,1007.95
SUBJ0722,during,MSP1,1390.51
SUBJ0723,before,AMA1,1289.91
SUBJ0723,before,CSP,682.47
SUBJ0723,before,EBA175,1982.05
SUBJ0723,before,GLURP,493.13
SUBJ0723,before,MSP1,797.77
SUBJ0723,during,AMA1,2699.87
SUBJ0723,during,CSP,3259.95
SUBJ0723,during,EBA175,17151.72
SUBJ0723,during,GLURP,977.07
SUBJ0723,during,MSP1,646.76
SUBJ0724,before,AMA1,4007.55
SUBJ0724,before,CSP,1552.49
SUBJ0724,before,EBA175,2152.09
SUBJ0724,before,GLURP,1416.4
SUBJ0724,before,MSP1,1950.63
SUBJ0724,during,AMA1,974.7
SUBJ0724,during,CSP,6599.2
SUBJ0724,during,EBA175,9464.03
SUBJ0724,during,GLURP,869.12
SUBJ0724,during,MSP1,555.88
SUBJ0725,before,AMA1,349.77
SUBJ0725,before,CSP,308.38
SUBJ0725,before,EBA175,464.7
SUBJ0725,before,GLURP,3296.48
SUBJ0725,before,MSP1,1870.95
SUBJ0725,during,AMA1,13715.13
SUBJ0725,during,CSP,1074.09
SUBJ0725,during,EBA175,1208.86
SUBJ0725,during,GLURP,286.52
SUBJ0725,during,MSP1,1381.42
SUBJ0726,before,AMA1,86.32
SUBJ0726,before,CSP,808.72
SUBJ0726,before,EBA175,1182.2
SUBJ0726,before,GLURP,411.55
SUBJ0726,before,MSP1,126.78
SUBJ0726,during,AMA1,605.22
SUBJ0726,during,CSP,338.95
SUBJ0726,during,EBA175,1467.2
SUBJ0726,during,GLURP,23.09
SUBJ0726,during,MSP1,380.13
SUBJ0727,before,AMA1,3667.63
SUBJ0727,before,CSP,235.37
SUBJ0727,before,EBA175,980.2
SUBJ0727,before,GLURP,174.86
SUBJ0727,before,MSP1,1921.62
SUBJ0727,during,AMA1,6609.66
SUBJ0727,during,CSP,5291.36
SUBJ0727,during,EBA175,8857.14
SUBJ0727,during,GLURP,383.46
SUBJ0727,during,MSP1,1829.98
SUBJ0728,before,AMA1,1534.49
SUBJ0728,before,CSP,726.35
SUBJ0728,before,EBA175,2188.43
SUBJ0728,before,GLURP,2142.9
SUBJ0728,before,MSP1,2328.21
SUBJ0728,during,AMA1,6155.82
SUBJ0728,during,CSP,253.28
SUBJ0728,during,EBA175,1741.06
SUBJ0728,during,GLURP,1061.54
SUBJ0728,during,MSP1,4555.6
SUBJ0729,before,AMA1,847.26
SUBJ0729,before,CSP,1575.59
SUBJ0729,before,EBA175,4022.56
SUBJ0729,before,GLURP,5252.16
SUBJ0729,before,MSP1,2260.93
SUBJ0729,during,AMA1,3435.01
SUBJ0729,during,CSP,2661.37
SUBJ0729,during,EBA175,3539.51
SUBJ0729,during,GLURP,2688.45
SUBJ0729,during,MSP1,594.28
SUBJ0730,before,AMA1,103.48
SUBJ0730,before,CSP,125.49
SUBJ0730,before,EBA175,132.39
SUBJ0730,before,GLURP,35.12
SUBJ0730,before,MSP1,477.45
SUBJ0730,during,AMA1,69.7
SUBJ0730,during,CSP,19.69
SUBJ0730,during,EBA175,438
SUBJ0730,during,GLURP,82.47
SUBJ0730,during,MSP1,59.16
SUBJ0731,before,AMA1,112.63
SUBJ0731,before,CSP,82.27
SUBJ0731,before,EBA175,76.04
SUBJ0731,before,GLURP,146.83
SUBJ0731,before,MSP1,167.9
SUBJ0731,during,AMA1,256.55
SUBJ0731,during,CSP,57.82
SUBJ0731,during,EBA175,647.7
SUBJ0731,during,GLURP,88.55
SUBJ0731,during,MSP1,1100.43
SUBJ0732,before,AMA1,2405.07
SUBJ0732,before,CSP,259.73
SUBJ0732,before,EBA175,7456.65
SUBJ0732,before,GLURP,1919.72
SUBJ0732,before,MSP1,3241.43
SUBJ0732,during,AMA1,2325.52
SUBJ0732,during,CSP,1888.41
SUBJ0732,during,EBA175,1463.1
SUBJ0732,during,GLURP,449.76
SUBJ0732,during,MSP1,1803.42
SUBJ0733,before,AMA1,860.85
SUBJ0733,before,CSP,210.05
SUBJ0733,before,EBA175,371.73
SUBJ0733,before,GLURP,269.9
SUBJ0733,before,MSP1,191.01
SUBJ0733,during,AMA1,136.8
SUBJ0733,during,CSP,1415.88
SUBJ0733,during,EBA175,843.41
SUBJ0733,during,GLURP,236.09
SUBJ0733,during,MSP1,500.52
SUBJ0734,before,AMA1,379.2
SUBJ0734,before,CSP,288.4
SUBJ0734,before,EBA175,868.3
SUBJ0734,before,GLURP,191.48
SUBJ0734,before,MSP1,401.03
SUBJ0734,during,AMA1,503.34
SUBJ0734,during,CSP,221.31
SUBJ0734,during,EBA175,3225.82
SUBJ0734,during,GLURP,137.87
SUBJ0734,during,MSP1,629.1
SUBJ0735,before,AMA1,300.32
SUBJ0735,before,CSP,798.13
SUBJ0735,before,EBA175,532.61
SUBJ0735,before,GLURP,227.44
SUBJ0735,before,MSP1,581.08
SUBJ0736,before,AMA1,408.86
SUBJ0736,before,CSP,1078.05
SUBJ0736,before,EBA175,3277.06
SUBJ0736,before,GLURP,2600.5
SUBJ0736,before,MSP1,667.13
SUBJ0736,during,AMA1,651.38
SUBJ0736,during,CSP,292.89
SUBJ0736,during,EBA175,1314.6
SUBJ0736,during,GLURP,117.31
SUBJ0736,during,MSP1,4214.28
SUBJ0737,before,AMA1,4240.32
SUBJ0737,before,CSP,441.05
SUBJ0737,before,EBA175,2230.74
SUBJ0737,before,GLURP,535.09
SUBJ0737,before,MSP1,528.6
SUBJ0737,during,AMA1,124.84
SUBJ0737,during,CSP,150.64
SUBJ0737,during,EBA175,1154.28
SUBJ0737,during,GLURP,399.28
SUBJ0737,during,MSP1,244.82
SUBJ0738,before,AMA1,948.01
SUBJ0738,before,CSP,330.71
SUBJ0738,before,EBA175,3295.94
SUBJ0738,before,GLURP,785.08
SUBJ0738,before,MSP1,4416.32
SUBJ0738,during,AMA1,1473.87
SUBJ0738,during,CSP,8096.27
SUBJ0738,during,EBA175,9015.6
SUBJ0738,during,GLURP,2484.39
SUBJ0738,during,MSP1,10745.8
SUBJ0739,before,AMA1,967.82
SUBJ0739,before,CSP,455.25
SUBJ0739,before,EBA175,10424.96
SUBJ0739,before,GLURP,6939.94
SUBJ0739,before,MSP1,5942.72
SUBJ0739,during,AMA1,4944.49
SUBJ0739,during,CSP,2139.41
SUBJ0739,during,EBA175,8559.53
SUBJ0739,during,GLURP,6048.81
SUBJ0739,during,MSP1,2018.43
SUBJ0740,before,AMA1,110.62
SUBJ0740,before,CSP,728.19
SUBJ0740,before,EBA175,687.43
SUBJ0740,before,GLURP,194.75
SUBJ0740,before,MSP1,264.42
SUBJ0740,during,AMA1,493.73
SUBJ0740,during,CSP,50.18
SUBJ0740,during,EBA175,182.47
SUBJ0740,during,GLURP,84.63
SUBJ0740,during,MSP1,477.31
SUBJ0741,before,AMA1,1364.21
SUBJ0741,before,CSP,2547.82
SUBJ0741,before,EBA175,1430.03
SUBJ0741,before,GLURP,1894.44
SUBJ0741,before,MSP1,1796.11
SUBJ0741,during,AMA1,1130.82
SUBJ0741,during,CSP,836.44
SUBJ0741,during,EBA175,2583.41
SUBJ0741,during,GLURP,1272.17
SUBJ0741,during,MSP1,10817.34
SUBJ0742,before,AMA1,4187.63
SUBJ0742,before,CSP,3454.21
SUBJ0742,before,EBA175,8928.37
SUBJ0742,before,GLURP,1034.55
SUBJ0742,before,MSP1,1633.71
SUBJ0742,during,AMA1,5564.46
SUBJ0742,during,CSP,6899.11
SUBJ0742,during,EBA175,4372.32
SUBJ0742,during,GLURP,1186.37
SUBJ0742,during,MSP1,3417.67
SUBJ0743,before,AMA1,511.95
SUBJ0743,before,CSP,538.54
SUBJ0743,before,EBA175,1410.15
SUBJ0743,before,GLURP,790.8
SUBJ0743,before,MSP1,1896.11
SUBJ0743,during,AMA1,29557.03
SUBJ0743,during,CSP,318.53
SUBJ0743,during,EBA175,7419.82
SUBJ0743,during,GLURP,481.77
SUBJ0743,during,MSP1,1402.46
SUBJ0744,before,AMA1,441.61
SUBJ0744,before,CSP,1713.77
SUBJ0744,before,EBA175,3006.81
SUBJ0744,before,GLURP,3732.33
SUBJ0744,before,MSP1,237.02
SUBJ0744,during,AMA1,1450.29
SUBJ0744,during,CSP,3634.4
SUBJ0744,during,EBA175,2478.25
SUBJ0744,during,GLURP,1715.39
SUBJ0744,during,MSP1,2386.76
SUBJ0745,before,AMA1,1027.25
SUBJ0745,before,CSP,637.33
SUBJ0745,before,EBA175,3876.07
SUBJ0745,before,GLURP,2677.97
SUBJ0745,before,MSP1,2160.56
SUBJ0745,during,AMA1,3664.29
SUBJ0745,during,CSP,2090.51
SUBJ0745,during,EBA175,2364.64
SUBJ0745,during,GLURP,566.08
SUBJ0745,during,MSP1,3116.75
SUBJ0746,before,AMA1,1543.07
SUBJ0746,before,CSP,391.1
SUBJ0746,before,EBA175,1962.98
SUBJ0746,before,GLURP,656.95
SUBJ0746,before,MSP1,887.86
SUBJ0746,during,AMA1,2132.51
SUBJ0746,during,CSP,251.97
SUBJ0746,during,EBA175,319.99
SUBJ0746,during,GLURP,211.19
SUBJ0746,during,MSP1,633.07
SUBJ0747,before,AMA1,714.78
SUBJ0747,before,CSP,4951.54
SUBJ0747,before,EBA175,4092.51
SUBJ0747,before,GLURP,2743.53
SUBJ0747,before,MSP1,3889.47
SUBJ0747,during,AMA1,4044.19
SUBJ0747,during,CSP,1084.37
SUBJ0747,during,EBA175,13484.07
SUBJ0747,during,GLURP,560.88
SUBJ0747,during,MSP1,6002.47
SUBJ0748,before,AMA1,269.07
SUBJ0748,before,CSP,158.73
SUBJ0748,before,EBA175,354.36
SUBJ0748,before,GLURP,133.44
SUBJ0748,before,MSP1,1136.59
SUBJ0748,during,AMA1,831.31
SUBJ0748,during,CSP,238.6
SUBJ0748,during,EBA175,411.75
SUBJ0748,during,GLURP,1287.38
SUBJ0748,during,MSP1,222.13
SUBJ0749,before,AMA1,559.1
SUBJ0749,before,CSP,869.42
SUBJ0749,before,EBA175,739.7
SUBJ0749,before,GLURP,292.68
SUBJ0749,before,MSP1,360.17
SUBJ0749,during,AMA1,245.44
SUBJ0749,during,CSP,49.97
SUBJ0749,during,EBA175,1220.19
SUBJ0749,during,GLURP,294.46
SUBJ0749,during,MSP1,320.08
SUBJ0750,before,AMA1,206.58
SUBJ0750,before,CSP,161.76
SUBJ0750,before,EBA175,2273.29
SUBJ0750,before,GLURP,217.26
SUBJ0750,before,MSP1,677.88
SUBJ0750,during,AMA1,310.9
SUBJ0750,during,CSP,788.24
SUBJ0750,during,EBA175,1238.24
SUBJ0750,during,GLURP,336.68
SUBJ0750,during,MSP1,349.7
SUBJ0751,before,AMA1,856.15
SUBJ0751,before,CSP,4933.15
SUBJ0751,before,EBA175,2526.72
SUBJ0751,before,GLURP,640.35
SUBJ0751,before,MSP1,13706.83
SUBJ0751,during,AMA1,16404.55
SUBJ0751,during,CSP,2138.3
SUBJ0751,during,EBA175,7078.29
SUBJ0751,during,GLURP,1656.85
SUBJ0751,during,MSP1,3654.33
SUBJ0752,before,AMA1,6114.61
SUBJ0752,before,CSP,3071.72
SUBJ0752,before,EBA175,9814.18
SUBJ0752,before,GLURP,1907.13
SUBJ0752,before,MSP1,1934.66
SUBJ0752,during,AMA1,3716.74
SUBJ0752,during,CSP,8687.96
SUBJ0752,during,EBA175,3970.72
SUBJ0752,during,GLURP,1846.85
SUBJ0752,during,MSP1,4401.61
SUBJ0753,before,AMA1,2648.1
SUBJ0753,before,CSP,3379.27
SUBJ0753,before,EBA175,1870.14
SUBJ0753,before,GLURP,2075.94
SUBJ0753,before,MSP1,892.01
SUBJ0753,during,AMA1,1193.37
SUBJ0753,during,CSP,1400.46
SUBJ0753,during,EBA175,1451.79
SUBJ0753,during,GLURP,237.77
SUBJ0753,during,MSP1,1718.99
SUBJ0754,before,AMA1,7531.16
SUBJ0754,before,CSP,968.98
SUBJ0754,before,EBA175,2615.04
SUBJ0754,before,GLURP,249.08
SUBJ0754,before,MSP1,4668.83
SUBJ0754,during,AMA1,489.86
SUBJ0754,during,CSP,656.77
SUBJ0754,during,EBA175,2733.29
SUBJ0754,during,GLURP,1182.02
SUBJ0754,during,MSP1,466.49
SUBJ0755,before,AMA1,473.89
SUBJ0755,before,CSP,878.35
SUBJ0755,before,EBA175,488.39
SUBJ0755,before,GLURP,2255.45
SUBJ0755,before,MSP1,1845.03
SUBJ0755,during,AMA1,323.03
SUBJ0755,during,CSP,511.21
SUBJ0755,during,EBA175,3478.82
SUBJ0755,during,GLURP,664.67
SUBJ0755,during,MSP1,2050.11
SUBJ0756,before,AMA1,2672.24
SUBJ0756,before,CSP,477.2
SUBJ0756,before,EBA175,1905.57
SUBJ0756,before,GLURP,4417.18
SUBJ0756,before,MSP1,746.78
SUBJ0756,during,AMA1,983.26
SUBJ0756,during,CSP,723.61
SUBJ0756,during,EBA175,22306.55
SUBJ0756,during,GLURP,3434.1
SUBJ0756,during,MSP1,8278.74
SUBJ0757,before,AMA1,387.97
SUBJ0757,before,CSP,186.72
SUBJ0757,before,EBA175,466.83
SUBJ0757,before,GLURP,144.83
SUBJ0757,before,MSP1,52.62
SUBJ0757,during,AMA1,1470.15
SUBJ0757,during,CSP,355.95
SUBJ0757,during,EBA175,1206.93
SUBJ0757,during,GLURP,36.54
SUBJ0757,during,MSP1,250.64
SUBJ0758,before,AMA1,670.6
SUBJ0758,before,CSP,91.95
SUBJ0758,before,EBA175,1096.98
SUBJ0758,before,GLURP,118.7
SUBJ0758,before,MSP1,28.71
SUBJ0758,during,AMA1,1512.67
SUBJ0758,during,CSP,115.88
SUBJ0758,during,EBA175,271.32
SUBJ0758,during,GLURP,307.07
SUBJ0758,during,MSP1,209.2
SUBJ0759,before,AMA1,1533.73
SUBJ0759,before,CSP,4446.48
SUBJ0759,before,EBA175,6099.09
SUBJ0759,before,GLURP,705.93
SUBJ0759,before,MSP1,3129.14
SUBJ0759,during,AMA1,2964.09
SUBJ0759,during,CSP,714.12
SUBJ0759,during,EBA175,1656.89
SUBJ0759,during,GLURP,3113.6
SUBJ0759,during,MSP1,566.91
SUBJ0760,before,AMA1,16971.19
SUBJ0760,before,CSP,25153.52
SUBJ0760,before,EBA175,1494.59
SUBJ0760,before,GLURP,575.19
SUBJ0760,before,MSP1,5427.8
SUBJ0760,during,AMA1,6653.16
SUBJ0760,during,CSP,1856.74
SUBJ0760,during,EBA175,1019.85
SUBJ0760,during,GLURP,2572.83
SUBJ0760,during,MSP1,4914.9
SUBJ0761,before,AMA1,2180.29
SUBJ0761,before,CSP,2367.96
SUBJ0761,before,EBA175,4357.25
SUBJ0761,before,GLURP,1905.28
SUBJ0761,before,MSP1,735.08
SUBJ0761,during,AMA1,1647.53
SUBJ0761,during,CSP,512.87
SUBJ0761,during,EBA175,1566.4
SUBJ0761,during,GLURP,979.83
SUBJ0761,during,MSP1,311.93
SUBJ0762,before,AMA1,308.62
SUBJ0762,before,CSP,173.25
SUBJ0762,before,EBA175,497.14
SUBJ0762,before,GLURP,437.43
SUBJ0762,before,MSP1,694.29
SUBJ0762,during,AMA1,1557.5
SUBJ0762,during,CSP,3770.28
SUBJ0762,during,EBA175,1318.84
SUBJ0762,during,GLURP,287.22
SUBJ0762,during,MSP1,3568.61
SUBJ0763,before,AMA1,4754.03
SUBJ0763,before,CSP,1900.22
SUBJ0763,before,EBA175,1120.48
SUBJ0763,before,GLURP,128.58
SUBJ0763,before,MSP1,2962.31
SUBJ0763,during,AMA1,2404.01
SUBJ0763,during,CSP,2107.67
SUBJ0763,during,EBA175,9079.82
SUBJ0763,during,GLURP,1074.59
SUBJ0763,during,MSP1,14502.12
SUBJ0764,before,AMA1,1462.45
SUBJ0764,before,CSP,782.26
SUBJ0764,before,EBA175,5004
SUBJ0764,before,GLURP,256.39
SUBJ0764,before,MSP1,1218.66
SUBJ0764,during,AMA1,4287.57
SUBJ0764,during,CSP,2664.81
SUBJ0764,during,EBA175,3404.13
SUBJ0764,during,GLURP,1932.62
SUBJ0764,during,MSP1,12405.19
SUBJ0765,before,AMA1,4081.31
SUBJ0765,before,CSP,1375.96
SUBJ0765,before,EBA175,18829.88
SUBJ0765,before,GLURP,1243.97
SUBJ0765,before,MSP1,1861.72
SUBJ0765,during,AMA1,1806.49
SUBJ0765,during,CSP,313.72
SUBJ0765,during,EBA175,4694.41
SUBJ0765,during,GLURP,2693.79
SUBJ0765,during,MSP1,448.75
SUBJ0766,before,AMA1,9927.38
SUBJ0766,before,CSP,9498.93
SUBJ0766,before,EBA175,8469.88
SUBJ0766,before,GLURP,1371.73
SUBJ0766,before,MSP1,7928.02
SUBJ0766,during,AMA1,5233.99
SUBJ0766,during,CSP,2753.58
SUBJ0766,during,EBA175,1309.68
SUBJ0766,during,GLURP,1070.31
SUBJ0766,during,MSP1,7233.12
SUBJ0767,before,AMA1,481.64
SUBJ0767,before,CSP,126.96
SUBJ0767,before,EBA175,3198.8
SUBJ0767,before,GLURP,116.99
SUBJ0767,before,MSP1,2604.36
SUBJ0767,during,AMA1,3834.93
SUBJ0767,during,CSP,209.46
SUBJ0767,during,EBA175,1553.17
SUBJ0767,during,GLURP,4887.58
SUBJ0767,during,MSP1,1004.99
SUBJ0768,before,AMA1,6337.87
SUBJ0768,before,CSP,3157.74
SUBJ0768,before,EBA175,3009.51
SUBJ0768,before,GLURP,505.78
SUBJ0768,before,MSP1,1679.44
SUBJ0768,during,AMA1,1564.27
SUBJ0768,during,CSP,1331.04
SUBJ0768,during,EBA175,23068.44
SUBJ0768,during,GLURP,868.44
SUBJ0768,during,MSP1,7152.71
SUBJ0769,before,AMA1,1104.57
SUBJ0769,before,CSP,85.38
SUBJ0769,before,EBA175,4567.76
SUBJ0769,before,GLURP,1679.42
SUBJ0769,before,MSP1,2072.68
SUBJ0769,during,AMA1,2977
SUBJ0769,during,CSP,592.93
SUBJ0769,during,EBA175,1212.53
SUBJ0769,during,GLURP,2423.39
SUBJ0769,during,MSP1,3624.59
SUBJ0770,before,AMA1,981.98
SUBJ0770,before,CSP,1375.99
SUBJ0770,before,EBA175,4145.52
SUBJ0770,before,GLURP,202.76
SUBJ0770,before,MSP1,635.52
SUBJ0770,during,AMA1,556.42
SUBJ0770,during,CSP,1242.22
SUBJ0770,during,EBA175,3116.25
SUBJ0770,during,GLURP,2200.39
SUBJ0770,during,MSP1,1366.69
SUBJ0771,before,AMA1,277.32
SUBJ0771,before,CSP,203.47
SUBJ0771,before,EBA175,590.74
SUBJ0771,before,GLURP,371.78
SUBJ0771,before,MSP1,742.48
SUBJ0771,during,AMA1,2701.81
SUBJ0771,during,CSP,217.82
SUBJ0771,during,EBA175,1461.73
SUBJ0771,during,GLURP,916.87
SUBJ0771,during,MSP1,533.25
SUBJ0772,before,AMA1,1545.47
SUBJ0772,before,CSP,1286.12
SUBJ0772,before,EBA175,2226.69
SUBJ0772,before,GLURP,1322.63
SUBJ0772,before,MSP1,703.39
SUBJ0772,during,AMA1,1873.34
SUBJ0772,during,CSP,11870.82
SUBJ0772,during,EBA175,3849.57
SUBJ0772,during,GLURP,1523.52
SUBJ0772,during,MSP1,3143.74
SUBJ0773,before,AMA1,1433.82
SUBJ0773,before,CSP,3974.87
SUBJ0773,before,EBA175,2423.94
SUBJ0773,before,GLURP,575.53
SUBJ0773,before,MSP1,2372.99
SUBJ0773,during,AMA1,1571.36
SUBJ0773,during,CSP,3754.47
SUBJ0773,during,EBA175,219.78
SUBJ0773,during,GLURP,737.59
SUBJ0773,during,MSP1,1632.72
SUBJ0774,before,AMA1,127.78
SUBJ0774,before,CSP,223.69
SUBJ0774,before,EBA175,838.99
SUBJ0774,before,GLURP,2707.72
SUBJ0774,before,MSP1,1681.39
SUBJ0774,during,AMA1,2281.95
SUBJ0774,during,CSP,316.65
SUBJ0774,during,EBA175,1943.97
SUBJ0774,during,GLURP,2188.75
SUBJ0774,during,MSP1,1264.57
SUBJ0775,before,AMA1,1863.35
SUBJ0775,before,CSP,3608.61
SUBJ0775,before,EBA175,2282.48
SUBJ0775,before,GLURP,4041.99
SUBJ0775,before,MSP1,1750.61
SUBJ0775,during,AMA1,2865.37
SUBJ0775,during,CSP,962.19
SUBJ0775,during,EBA175,1999.24
SUBJ0775,during,GLURP,1823.3
SUBJ0775,during,MSP1,1960.26
SUBJ0776,before,AMA1,764.85
SUBJ0776,before,CSP,878.62
SUBJ0776,before,EBA175,1020.97
SUBJ0776,before,GLURP,216.44
SUBJ0776,before,MSP1,138.13
SUBJ0776,during,AMA1,829.47
SUBJ0776,during,CSP,748.91
SUBJ0776,during,EBA175,4675.87
SUBJ0776,during,GLURP,128.28
SUBJ0776,during,MSP1,3489.95
SUBJ0777,before,AMA1,532.13
SUBJ0777,before,CSP,1594.13
SUBJ0777,before,EBA175,2031.68
SUBJ0777,before,GLURP,884.38
SUBJ0777,before,MSP1,1875.63
SUBJ0777,during,AMA1,826.29
SUBJ0777,during,CSP,2660.16
SUBJ0777,during,EBA175,671.94
SUBJ0777,during,GLURP,377.15
SUBJ0777,during,MSP1,1068.81
SUBJ0778,before,AMA1,632.55
SUBJ0778,before,CSP,6838.33
SUBJ0778,before,EBA175,4219.03
SUBJ0778,before,GLURP,2450.08
SUBJ0778,before,MSP1,3301.33
SUBJ0778,during,AMA1,8750.07
SUBJ0778,during,CSP,2610.62
SUBJ0778,during,EBA175,2148.2
SUBJ0778,during,GLURP,700.4
SUBJ0778,during,MSP1,1750.27
SUBJ0779,before,AMA1,3195.65
SUBJ0779,before,CSP,6891.86
SUBJ0779,before,EBA175,2638.91
SUBJ0779,before,GLURP,1017.36
SUBJ0779,before,MSP1,633.88
SUBJ0779,during,AMA1,680.81
SUBJ0779,during,CSP,387.5
SUBJ0779,during,EBA175,4407.71
SUBJ0779,during,GLURP,825.14
SUBJ0779,during,MSP1,4399.06
SUBJ0780,before,AMA1,1412.84
SUBJ0780,before,CSP,232.59
SUBJ0780,before,EBA175,182.21
SUBJ0780,before,GLURP,405.3
SUBJ0780,before,MSP1,188.56
SUBJ0780,during,AMA1,815.3
SUBJ0780,during,CSP,690.39
SUBJ0780,during,EBA175,1680.92
SUBJ0780,during,GLURP,44.26
SUBJ0780,during,MSP1,1229.33
SUBJ0781,before,AMA1,2876.88
SUBJ0781,before,CSP,523.86
SUBJ0781,before,EBA175,3412.13
SUBJ0781,before,GLURP,360.46
SUBJ0781,before,MSP1,468.17
SUBJ0781,during,AMA1,592.5
SUBJ0781,during,CSP,134.97
SUBJ0781,during,EBA175,969.19
SUBJ0781,during,GLURP,259.47
SUBJ0781,during,MSP1,1412.77
SUBJ0782,before,AMA1,5988.09
SUBJ0782,before,CSP,643.17
SUBJ0782,before,EBA175,32124.36
SUBJ0782,before,GLURP,496.4
SUBJ0782,before,MSP1,898.29
SUBJ0782,during,AMA1,943.91
SUBJ0782,during,CSP,7166.35
SUBJ0782,during,EBA175,848.18
SUBJ0782,during,GLURP,12485.86
SUBJ0782,during,MSP1,1594.76
SUBJ0783,before,AMA1,1739.29
SUBJ0783,before,CSP,2721.53
SUBJ0783,before,EBA175,2420.19
SUBJ0783,before,GLURP,407.48
SUBJ0783,before,MSP1,662.81
SUBJ0783,during,AMA1,2192.1
SUBJ0783,during,CSP,550.69
SUBJ0783,during,EBA175,3369.08
SUBJ0783,during,GLURP,3161.71
SUBJ0783,during,MSP1,4881.21
SUBJ0784,before,AMA1,1295.54
SUBJ0784,before,CSP,382.35
SUBJ0784,before,EBA175,14542.98
SUBJ0784,before,GLURP,115.18
SUBJ0784,before,MSP1,812.72
SUBJ0784,during,AMA1,2781.66
SUBJ0784,during,CSP,795.79
SUBJ0784,during,EBA175,3925.92
SUBJ0784,during,GLURP,3585.1
SUBJ0784,during,MSP1,1275.08
SUBJ0785,before,AMA1,101.51
SUBJ0785,before,CSP,55.31
SUBJ0785,before,EBA175,2483.98
SUBJ0785,before,GLURP,39.42
SUBJ0785,before,MSP1,66.57
SUBJ0785,during,AMA1,273.74
SUBJ0785,during,CSP,125.82
SUBJ0785,during,EBA175,543.07
SUBJ0785,during,GLURP,164.98
SUBJ0785,during,MSP1,502.64
SUBJ0786,before,AMA1,879.79
SUBJ0786,before,CSP,1358.37
SUBJ0786,before,EBA175,4744.07
SUBJ0786,before,GLURP,650.54
SUBJ0786,before,MSP1,2080.09
SUBJ0786,during,AMA1,2076.95
SUBJ0786,during,CSP,892.62
SUBJ0786,during,EBA175,2478.04
SUBJ0786,during,GLURP,1370.86
SUBJ0786,during,MSP1,2633.13
SUBJ0787,before,AMA1,567.82
SUBJ0787,before,CSP,148.35
SUBJ0787,before,EBA175,5099.36
SUBJ0787,before,GLURP,135.78
SUBJ0787,before,MSP1,3006.04
SUBJ0787,during,AMA1,699.92
SUBJ0787,during,CSP,245.58
SUBJ0787,during,EBA175,668.02
SUBJ0787,during,GLURP,111.85
SUBJ0787,during,MSP1,207.6
SUBJ0788,before,AMA1,1020.67
SUBJ0788,before,CSP,679.18
SUBJ0788,before,EBA175,4886.41
SUBJ0788,before,GLURP,1098.74
SUBJ0788,before,MSP1,288.98
SUBJ0788,during,AMA1,2028.1
SUBJ0788,during,CSP,4047.24
SUBJ0788,during,EBA175,8392.17
SUBJ0788,during,GLURP,780.06
SUBJ0788,during,MSP1,2805.59
SUBJ0789,before,AMA1,1298.68
SUBJ0789,before,CSP,801.61
SUBJ0789,before,EBA175,334.72
SUBJ0789,before,GLURP,77.29
SUBJ0789,before,MSP1,1230.03
SUBJ0789,during,AMA1,465.66
SUBJ0789,during,CSP,168.18
SUBJ0789,during,EBA175,317.75
SUBJ0789,during,GLURP,641.08
SUBJ0789,during,MSP1,321.77
SUBJ0790,before,AMA1,400.93
SUBJ0790,before,CSP,756.94
SUBJ0790,before,EBA175,3040.3
SUBJ0790,before,GLURP,1107.28
SUBJ0790,before,MSP1,1577.84
SUBJ0790,during,AMA1,1652.44
SUBJ0790,during,CSP,948.53
SUBJ0790,during,EBA175,1527.17
SUBJ0790,during,GLURP,370.68
SUBJ0790,during,MSP1,534.09
SUBJ0791,before,AMA1,175.37
SUBJ0791,before,CSP,833.73
SUBJ0791,before,EBA175,803.91
SUBJ0791,before,GLURP,27.86
SUBJ0791,before,MSP1,343.7
SUBJ0791,during,AMA1,331.33
SUBJ0791,during,CSP,199.67
SUBJ0791,during,EBA175,603.68
SUBJ0791,during,GLURP,81.96
SUBJ0791,during,MSP1,554.63
SUBJ0792,before,AMA1,3103.24
SUBJ0792,before,CSP,5457.85
SUBJ0792,before,EBA175,17965.19
SUBJ0792,before,GLURP,1864.71
SUBJ0792,before,MSP1,1088.69
SUBJ0792,during,AMA1,2044.06
SUBJ0792,during,CSP,812.27
SUBJ0792,during,EBA175,5207.18
SUBJ0792,during,GLURP,3845.05
SUBJ0792,during,MSP1,2301.04
SUBJ0793,before,AMA1,2011.84
SUBJ0793,before,CSP,510.33
SUBJ0793,before,EBA175,1801.93
SUBJ0793,before,GLURP,930.04
SUBJ0793,before,MSP1,5301.24
SUBJ0793,during,AMA1,2364.57
SUBJ0793,during,CSP,3976.06
SUBJ0793,during,EBA175,1935.17
SUBJ0793,during,GLURP,314.79
SUBJ0793,during,MSP1,255.47
SUBJ0794,before,AMA1,175.48
SUBJ0794,before,CSP,115.59
SUBJ0794,before,EBA175,215.13
SUBJ0794,before,GLURP,136
SUBJ0794,before,MSP1,123.98
SUBJ0794,during,AMA1,264.2
SUBJ0794,during,CSP,1402.06
SUBJ0794,during,EBA175,41.33
SUBJ0794,during,GLURP,656.37
SUBJ0794,during,MSP1,698.92
SUBJ0795,before,AMA1,3860.72
SUBJ0795,before,CSP,1305.19
SUBJ0795,before,EBA175,10859.4
SUBJ0795,before,GLURP,483.36
SUBJ0795,before,MSP1,2873.42
SUBJ0795,during,AMA1,2660.75
SUBJ0795,during,CSP,1670.23
SUBJ0795,during,EBA175,2078.2
SUBJ0795,during,GLURP,1021.56
SUBJ0795,during,MSP1,2407.63
SUBJ0796,before,AMA1,185.49
SUBJ0796,before,CSP,1455.93
SUBJ0796,before,EBA175,510.13
SUBJ0796,before,GLURP,338.01
SUBJ0796,before,MSP1,3078.83
SUBJ0796,during,AMA1,126.76
SUBJ0796,during,CSP,123.02
SUBJ0796,during,EBA175,232.46
SUBJ0796,during,GLURP,179.06
SUBJ0796,during,MSP1,471.06
SUBJ0797,before,AMA1,11041.15
SUBJ0797,before,CSP,1413.94
SUBJ0797,before,EBA175,2916.35
SUBJ0797,before,GLURP,1308.85
SUBJ0797,before,MSP1,1134.81
SUBJ0797,during,AMA1,689.88
SUBJ0797,during,CSP,537.96
SUBJ0797,during,EBA175,1398.47
SUBJ0797,during,GLURP,579.36
SUBJ0797,during,MSP1,1332.12
SUBJ0798,before,AMA1,523.42
SUBJ0798,before,CSP,612.18
SUBJ0798,before,EBA175,1247.66
SUBJ0798,before,GLURP,279.81
SUBJ0798,before,MSP1,5014.76
SUBJ0798,during,AMA1,3670.12
SUBJ0798,during,CSP,208.14
SUBJ0798,during,EBA175,400.03
SUBJ0798,during,GLURP,805.24
SUBJ0798,during,MSP1,414.63
SUBJ0799,before,AMA1,5073.9
SUBJ0799,before,CSP,2258.64
SUBJ0799,before,EBA175,5998.57
SUBJ0799,before,GLURP,4280.97
SUBJ0799,before,MSP1,2748.24
SUBJ0799,during,AMA1,3625.83
SUBJ0799,during,CSP,3118.19
SUBJ0799,during,EBA175,2025.11
SUBJ0799,during,GLURP,4138.8
SUBJ0799,during,MSP1,14625.73
SUBJ0800,before,AMA1,2271.75
SUBJ0800,before,CSP,3065.9
SUBJ0800,before,EBA175,811.18
SUBJ0800,before,GLURP,1298.18
SUBJ0800,before,MSP1,2553.09
SUBJ0800,during,AMA1,1582.88
SUBJ0800,during,CSP,350.25
SUBJ0800,during,EBA175,683.41
SUBJ0800,during,GLURP,694.54
SUBJ0800,during,MSP1,3701.39
SUBJ0801,before,AMA1,2377.69
SUBJ0801,before,CSP,1140.79
SUBJ0801,before,EBA175,2094.1
SUBJ0801,before,GLURP,1346.7
SUBJ0801,before,MSP1,5092.08
SUBJ0801,during,AMA1,7796.52
SUBJ0801,during,CSP,779.58
SUBJ0801,during,EBA175,3805.02
SUBJ0801,during,GLURP,1127.88
SUBJ0801,during,MSP1,2024.36
SUBJ0802,before,AMA1,2460.01
SUBJ0802,before,CSP,2043.49
SUBJ0802,before,EBA175,3544.21
SUBJ0802,before,GLURP,1186.92
SUBJ0802,before,MSP1,1143.69
SUBJ0802,during,AMA1,3986.67
SUBJ0802,during,CSP,832.57
SUBJ0802,during,EBA175,7321.01
SUBJ0802,during,GLURP,692.72
SUBJ0802,during,MSP1,3371.24
SUBJ0803,before,AMA1,1397.2
SUBJ0803,before,CSP,936.88
SUBJ0803,before,EBA175,1579.86
SUBJ0803,before,GLURP,947.57
SUBJ0803,before,MSP1,4504.76
SUBJ0803,during,AMA1,1243.06
SUBJ0803,during,CSP,1685.09
SUBJ0803,during,EBA175,1653.38
SUBJ0803,during,GLURP,1173.94
SUBJ0803,during,MSP1,1182.07
SUBJ0804,before,AMA1,15497.1
SUBJ0804,before,CSP,6332.61
SUBJ0804,before,EBA175,1387.85
SUBJ0804,before,GLURP,760.18
SUBJ0804,before,MSP1,359.56
SUBJ0804,during,AMA1,1842.33
SUBJ0804,during,CSP,2058.44
SUBJ0804,during,EBA175,2142.02
SUBJ0804,during,GLURP,1020.64
SUBJ0804,during,MSP1,2504.42
SUBJ0805,before,AMA1,719.79
SUBJ0805,before,CSP,75.62
SUBJ0805,before,EBA175,2786.05
SUBJ0805,before,GLURP,242.07
SUBJ0805,before,MSP1,374.83
SUBJ0805,during,AMA1,1089.19
SUBJ0805,during,CSP,394.48
SUBJ0805,during,EBA175,909.38
SUBJ0805,during,GLURP,45.58
SUBJ0805,during,MSP1,317.84
SUBJ0806,before,AMA1,523.08
SUBJ0806,before,CSP,958.53
SUBJ0806,before,EBA175,1029.14
SUBJ0806,before,GLURP,650.39
SUBJ0806,before,MSP1,653.5
SUBJ0806,during,AMA1,2086.91
SUBJ0806,during,CSP,741.04
SUBJ0806,during,EBA175,3031.05
SUBJ0806,during,GLURP,630.15
SUBJ0806,during,MSP1,564.57
SUBJ0807,before,AMA1,6426.96
SUBJ0807,before,CSP,1781.7
SUBJ0807,before,EBA175,7140.44
SUBJ0807,before,GLURP,840.84
SUBJ0807,before,MSP1,1028.37
SUBJ0807,during,AMA1,2885.8
SUBJ0807,during,CSP,3524.62
SUBJ0807,during,EBA175,739.33
SUBJ0807,during,GLURP,1775.36
SUBJ0807,during,MSP1,5563.83
SUBJ0808,before,AMA1,208.8
SUBJ0808,before,CSP,457.08
SUBJ0808,before,EBA175,22718.3
SUBJ0808,before,GLURP,4103.74
SUBJ0808,before,MSP1,5579.02
SUBJ0808,during,AMA1,14591.14
SUBJ0808,during,CSP,485.11
SUBJ0808,during,EBA175,8832.57
SUBJ0808,during,GLURP,4235.32
SUBJ0808,during,MSP1,3829.85
SUBJ0809,before,AMA1,419.27
SUBJ0809,before,CSP,588.3
SUBJ0809,before,EBA175,732.72
SUBJ0809,before,GLURP,232.2
SUBJ0809,before,MSP1,753
SUBJ0809,during,AMA1,4521.02
SUBJ0809,during,CSP,651.06
SUBJ0809,during,EBA175,1983.71
SUBJ0809,during,GLURP,217.23
SUBJ0809,during,MSP1,477.22
SUBJ0810,before,AMA1,4086.07
SUBJ0810,before,CSP,1845.28
SUBJ0810,before,EBA175,4837.26
SUBJ0810,before,GLURP,1322.57
SUBJ0810,before,MSP1,830.42
SUBJ0810,during,AMA1,18372.91
SUBJ0810,during,CSP,1540.94
SUBJ0810,during,EBA175,3437.55
SUBJ0810,during,GLURP,1266.02
SUBJ0810,during,MSP1,2509.13
SUBJ0811,before,AMA1,2606.1
SUBJ0811,before,CSP,3181.03
SUBJ0811,before,EBA175,12303.49
SUBJ0811,before,GLURP,883.97
SUBJ0811,before,MSP1,2348.37
SUBJ0811,during,AMA1,9397.58
SUBJ0811,during,CSP,1188.32
SUBJ0811,during,EBA175,5375.7
SUBJ0811,during,GLURP,1795.24
SUBJ0811,during,MSP1,3218.33
SUBJ0812,before,AMA1,1811.18
SUBJ0812,before,CSP,2346.24
SUBJ0812,before,EBA175,1837.69
SUBJ0812,before,GLURP,652.35
SUBJ0812,before,MSP1,2628.9
SUBJ0812,during,AMA1,2788.54
SUBJ0812,during,CSP,679.68
SUBJ0812,during,EBA175,1353.05
SUBJ0812,during,GLURP,1246.12
SUBJ0812,during,MSP1,489.69
SUBJ0813,before,AMA1,2819.4
SUBJ0813,before,CSP,3261.95
SUBJ0813,before,EBA175,3592.99
SUBJ0813,before,GLURP,426.4
SUBJ0813,before,MSP1,6804.11
SUBJ0813,during,AMA1,1804.69
SUBJ0813,during,CSP,2893.66
SUBJ0813,during,EBA175,1616.31
SUBJ0813,during,GLURP,541.77
SUBJ0813,during,MSP1,4183.37
SUBJ0814,before,AMA1,269.58
SUBJ0814,before,CSP,430.02
SUBJ0814,before,EBA175,602.45
SUBJ0814,before,GLURP,579.87
SUBJ0814,before,MSP1,423.79
SUBJ0814,during,AMA1,788.57
SUBJ0814,during,CSP,164.77
SUBJ0814,during,EBA175,744.91
SUBJ0814,during,GLURP,851.65
SUBJ0814,during,MSP1,423.76
SUBJ0815,before,AMA1,238.72
SUBJ0815,before,CSP,521.02
SUBJ0815,before,EBA175,144.1
SUBJ0815,before,GLURP,58.15
SUBJ0815,before,MSP1,266.13
SUBJ0815,during,AMA1,420.85
SUBJ0815,during,CSP,290.2
SUBJ0815,during,EBA175,614.32
SUBJ0815,during,GLURP,73.3
SUBJ0815,during,MSP1,288.16
SUBJ0816,before,AMA1,256.01
SUBJ0816,before,CSP,454.23
SUBJ0816,before,EBA175,5239.02
SUBJ0816,before,GLURP,98.61
SUBJ0816,before,MSP1,102.04
SUBJ0816,during,AMA1,990.96
SUBJ0816,during,CSP,2293.48
SUBJ0816,during,EBA175,6252.67
SUBJ0816,during,GLURP,317.23
SUBJ0816,during,MSP1,1929.58
SUBJ0817,before,AMA1,324.59
SUBJ0817,before,CSP,503.5
SUBJ0817,before,EBA175,411.04
SUBJ0817,before,GLURP,51.92
SUBJ0817,before,MSP1,580.31
SUBJ0817,during,AMA1,225.46
SUBJ0817,during,CSP,59.37
SUBJ0817,during,EBA175,511.82
SUBJ0817,during,GLURP,112.5
SUBJ0817,during,MSP1,174.18
SUBJ0818,before,AMA1,319.72
SUBJ0818,before,CSP,1478.13
SUBJ0818,before,EBA175,203.09
SUBJ0818,before,GLURP,802.11
SUBJ0818,before,MSP1,747.18
SUBJ0818,during,AMA1,1097.53
SUBJ0818,during,CSP,455.67
SUBJ0818,during,EBA175,579.9
SUBJ0818,during,GLURP,323.59
SUBJ0818,during,MSP1,287.92
SUBJ0819,before,AMA1,201.13
SUBJ0819,before,CSP,466.4
SUBJ0819,before,EBA175,1410.19
SUBJ0819,before,GLURP,571.52
SUBJ0819,before,MSP1,1353.42
SUBJ0819,during,AMA1,133.98
SUBJ0819,during,CSP,952.48
SUBJ0819,during,EBA175,2306.41
SUBJ0819,during,GLURP,308.12
SUBJ0819,during,MSP1,876.03
SUBJ0820,before,AMA1,46.47
SUBJ0820,before,CSP,107.18
SUBJ0820,before,EBA175,43.78
SUBJ0820,before,GLURP,7.94
SUBJ0820,before,MSP1,78.27
SUBJ0820,during,AMA1,410.38
SUBJ0820,during,CSP,103.83
SUBJ0820,during,EBA175,30.4
SUBJ0820,during,GLURP,2.54
SUBJ0820,during,MSP1,495.9
SUBJ0821,before,AMA1,1312.69
SUBJ0821,before,CSP,493.73
SUBJ0821,before,EBA175,8141.89
SUBJ0821,before,GLURP,557
SUBJ0821,before,MSP1,478.2
SUBJ0821,during,AMA1,5513.98
SUBJ0821,during,CSP,2292.34
SUBJ0821,during,EBA175,2019.34
SUBJ0821,during,GLURP,781.1
SUBJ0821,during,MSP1,1003.73
SUBJ0822,before,AMA1,182.22
SUBJ0822,before,CSP,109.24
SUBJ0822,before,EBA175,253.37
SUBJ0822,before,GLURP,336.1
SUBJ0822,before,MSP1,918.35
SUBJ0822,during,AMA1,124.51
SUBJ0822,during,CSP,577.52
SUBJ0822,during,EBA175,163.54
SUBJ0822,during,GLURP,10.84
SUBJ0822,during,MSP1,111.82
SUBJ0823,during,AMA1,70.02
SUBJ0823,during,CSP,104.6
SUBJ0823,during,EBA175,1504.3
SUBJ0823,during,GLURP,44.25
SUBJ0823,during,MSP1,660.68
SUBJ0824,before,AMA1,527.45
SUBJ0824,before,CSP,39.08
SUBJ0824,before,EBA175,160.2
SUBJ0824,before,GLURP,25.49
SUBJ0824,before,MSP1,482.26
SUBJ0824,during,AMA1,560.97
SUBJ0824,during,CSP,129.41
SUBJ0824,during,EBA175,168.42
SUBJ0824,during,GLURP,219.86
SUBJ0824,during,MSP1,1063.73
SUBJ0825,before,AMA1,793.17
SUBJ0825,before,CSP,1173.13
SUBJ0825,before,EBA175,10703.22
SUBJ0825,before,GLURP,3523.56
SUBJ0825,before,MSP1,1606.57
SUBJ0825,during,AMA1,1024.94
SUBJ0825,during,CSP,4006.02
SUBJ0825,during,EBA175,2241.41
SUBJ0825,during,GLURP,1698.56
SUBJ0825,during,MSP1,3106.65
SUBJ0826,before,AMA1,784.67
SUBJ0826,before,CSP,415.82
SUBJ0826,before,EBA175,13904.13
SUBJ0826,before,GLURP,1835.88
SUBJ0826,before,MSP1,4634.23
SUBJ0826,during,AMA1,1662.98
SUBJ0826,during,CSP,13621.08
SUBJ0826,during,EBA175,18820.02
SUBJ0826,during,GLURP,673.4
SUBJ0826,during,MSP1,2633.87
SUBJ0827,during,AMA1,598.76
SUBJ0827,during,CSP,1082.44
SUBJ0827,during,EBA175,2826.28
SUBJ0827,during,GLURP,4204.64
SUBJ0827,during,MSP1,3960.36
SUBJ0828,before,AMA1,727.83
SUBJ0828,before,CSP,160.12
SUBJ0828,before,EBA175,617.12
SUBJ0828,before,GLURP,97.7
SUBJ0828,before,MSP1,598.73
SUBJ0828,during,AMA1,515.47
SUBJ0828,during,CSP,342.33
SUBJ0828,during,EBA175,292.59
SUBJ0828,during,GLURP,446.06
SUBJ0828,during,MSP1,981.75
SUBJ0829,before,AMA1,1457.37
SUBJ0829,before,CSP,1656.29
SUBJ0829,before,EBA175,4457.07
SUBJ0829,before,GLURP,6895.79
SUBJ0829,before,MSP1,10844.28
SUBJ0829,during,AMA1,2184.37
SUBJ0829,during,CSP,4624.73
SUBJ0829,during,EBA175,8622.79
SUBJ0829,during,GLURP,339.88
SUBJ0829,during,MSP1,5434.77
SUBJ0830,before,AMA1,4008.93
SUBJ0830,before,CSP,454.67
SUBJ0830,before,EBA175,3154.66
SUBJ0830,before,GLURP,816.95
SUBJ0830,before,MSP1,3114.83
SUBJ0830,during,AMA1,1974.47
SUBJ0830,during,CSP,2552.45
SUBJ0830,during,EBA175,6872.67
SUBJ0830,during,GLURP,940.84
SUBJ0830,during,MSP1,6860.4
SUBJ0831,before,AMA1,1133.68
SUBJ0831,before,CSP,670.2
SUBJ0831,before,EBA175,637.11
SUBJ0831,before,GLURP,179.3
SUBJ0831,before,MSP1,904.34
SUBJ0831,during,AMA1,96.47
SUBJ0831,during,CSP,468.42
SUBJ0831,during,EBA175,940.72
SUBJ0831,during,GLURP,560.12
SUBJ0831,during,MSP1,500.29
SUBJ0832,before,AMA1,2243.54
SUBJ0832,before,CSP,1583.65
SUBJ0832,before,EBA175,1540.09
SUBJ0832,before,GLURP,3087.07
SUBJ0832,before,MSP1,777.44
SUBJ0832,during,AMA1,472.04
SUBJ0832,during,CSP,349.98
SUBJ0832,during,EBA175,3258.98
SUBJ0832,during,GLURP,8398.77
SUBJ0832,during,MSP1,614.9
SUBJ0833,before,AMA1,997.52
SUBJ0833,before,CSP,590.48
SUBJ0833,before,EBA175,1896.38
SUBJ0833,before,GLURP,103.71
SUBJ0833,before,MSP1,711.81
SUBJ0833,during,AMA1,2091.89
SUBJ0833,during,CSP,86.74
SUBJ0833,during,EBA175,965.04
SUBJ0833,during,GLURP,31.23
SUBJ0833,during,MSP1,469.59
SUBJ0834,before,AMA1,1872.58
SUBJ0834,before,CSP,902.47
SUBJ0834,before,EBA175,1863.64
SUBJ0834,before,GLURP,241.2
SUBJ0834,before,MSP1,1634.7
SUBJ0834,during,AMA1,214.22
SUBJ0834,during,CSP,1102.97
SUBJ0834,during,EBA175,2952.55
SUBJ0834,during,GLURP,360.03
SUBJ0834,during,MSP1,762.49
SUBJ0835,before,AMA1,5955.22
SUBJ0835,before,CSP,227.8
SUBJ0835,before,EBA175,435.96
SUBJ0835,before,GLURP,165.51
SUBJ0835,before,MSP1,1095.43
SUBJ0835,during,AMA1,3479.62
SUBJ0835,during,CSP,219.1
SUBJ0835,during,EBA175,3586.1
SUBJ0835,during,GLURP,761.51
SUBJ0835,during,MSP1,955.43
SUBJ0836,before,AMA1,225.7
SUBJ0836,before,CSP,1416.17
SUBJ0836,before,EBA175,4061.08
SUBJ0836,before,GLURP,4956.83
SUBJ0836,before,MSP1,822.3
SUBJ0836,during,AMA1,4371.01
SUBJ0836,during,CSP,1749.21
SUBJ0836,during,EBA175,3045.05
SUBJ0836,during,GLURP,810.41
SUBJ0836,during,MSP1,3659.08
SUBJ0837,before,AMA1,219.6
SUBJ0837,before,CSP,294.22
SUBJ0837,before,EBA175,254.08
SUBJ0837,before,GLURP,807.49
SUBJ0837,before,MSP1,570.68
SUBJ0837,during,AMA1,383.67
SUBJ0837,during,CSP,380.66
SUBJ0837,during,EBA175,859.51
SUBJ0837,during,GLURP,349.01
SUBJ0837,during,MSP1,111.06
SUBJ0838,before,AMA1,58.73
SUBJ0838,before,CSP,112.7
SUBJ0838,before,EBA175,1025.09
SUBJ0838,before,GLURP,1023.76
SUBJ0838,before,MSP1,210.09
SUBJ0838,during,AMA1,446.38
SUBJ0838,during,CSP,1084.89
SUBJ0838,during,EBA175,3048.56
SUBJ0838,during,GLURP,499.56
SUBJ0838,during,MSP1,381.84
SUBJ0839,before,AMA1,2808.8
SUBJ0839,before,CSP,342.5
SUBJ0839,before,EBA175,9735.89
SUBJ0839,before,GLURP,310.98
SUBJ0839,before,MSP1,850.52
SUBJ0839,during,AMA1,1387.25
SUBJ0839,during,CSP,1846.57
SUBJ0839,during,EBA175,1192.95
SUBJ0839,during,GLURP,799.71
SUBJ0839,during,MSP1,260.94
SUBJ0840,before,AMA1,1030.55
SUBJ0840,before,CSP,1990.46
SUBJ0840,before,EBA175,11921.03
SUBJ0840,before,GLURP,7115.39
SUBJ0840,before,MSP1,3206.99
SUBJ0840,during,AMA1,3805.22
SUBJ0840,during,CSP,5140.16
SUBJ0840,during,EBA175,2997.57
SUBJ0840,during,GLURP,1050.88
SUBJ0840,during,MSP1,1449.92
SUBJ0841,before,AMA1,394.97
SUBJ0841,before,CSP,3063.57
SUBJ0841,before,EBA175,1667.78
SUBJ0841,before,GLURP,605.43
SUBJ0841,before,MSP1,1960.12
SUBJ0841,during,AMA1,1114.12
SUBJ0841,during,CSP,1636.5
SUBJ0841,during,EBA175,245.36
SUBJ0841,during,GLURP,120.87
SUBJ0841,during,MSP1,2046.37
SUBJ0842,before,AMA1,336.54
SUBJ0842,before,CSP,116.99
SUBJ0842,before,EBA175,283.09
SUBJ0842,before,GLURP,8.22
SUBJ0842,before,MSP1,200.21
SUBJ0842,during,AMA1,342.44
SUBJ0842,during,CSP,366.34
SUBJ0842,during,EBA175,238.14
SUBJ0842,during,GLURP,245.87
SUBJ0842,during,MSP1,200.55
SUBJ0843,before,AMA1,798.17
SUBJ0843,before,CSP,284.46
SUBJ0843,before,EBA175,1166.33
SUBJ0843,before,GLURP,219.03
SUBJ0843,before,MSP1,3352.72
SUBJ0843,during,AMA1,175.91
SUBJ0843,during,CSP,273.61
SUBJ0843,during,EBA175,982.59
SUBJ0843,during,GLURP,365.57
SUBJ0843,during,MSP1,310.57
SUBJ0844,before,AMA1,2493.01
SUBJ0844,before,CSP,1079.36
SUBJ0844,before,EBA175,1162.83
SUBJ0844,before,GLURP,614.41
SUBJ0844,before,MSP1,1014.52
SUBJ0844,during,AMA1,5255
SUBJ0844,during,CSP,304.57
SUBJ0844,during,EBA175,14925.7
SUBJ0844,during,GLURP,4033.02
SUBJ0844,during,MSP1,2866.57
SUBJ0845,before,AMA1,8431.68
SUBJ0845,before,CSP,2834.48
SUBJ0845,before,EBA175,1087.65
SUBJ0845,before,GLURP,2906.84
SUBJ0845,before,MSP1,3900.82
SUBJ0845,during,AMA1,4686.62
SUBJ0845,during,CSP,2503.5
SUBJ0845,during,EBA175,1603.25
SUBJ0845,during,GLURP,1206.55
SUBJ0845,during,MSP1,3823.32
SUBJ0846,before,AMA1,411.66
SUBJ0846,before,CSP,90.65
SUBJ0846,before,EBA175,163.35
SUBJ0846,before,GLURP,370.04
SUBJ0846,before,MSP1,264.13
SUBJ0846,during,AMA1,283.16
SUBJ0846,during,CSP,1546.89
SUBJ0846,during,EBA175,136.71
SUBJ0846,during,GLURP,181.21
SUBJ0846,during,MSP1,154.45
SUBJ0847,before,AMA1,6900
SUBJ0847,before,CSP,124.96
SUBJ0847,before,EBA175,3647.83
SUBJ0847,before,GLURP,1656.16
SUBJ0847,before,MSP1,2208.05
SUBJ0847,during,AMA1,948.86
SUBJ0847,during,CSP,1338.86
SUBJ0847,during,EBA175,5107.74
SUBJ0847,during,GLURP,801.72
SUBJ0847,during,MSP1,1095.13
SUBJ0848,before,AMA1,1636.88
SUBJ0848,before,CSP,88.52
SUBJ0848,before,EBA175,1357.98
SUBJ0848,before,GLURP,555.01
SUBJ0848,before,MSP1,436.57
SUBJ0848,during,AMA1,1247.28
SUBJ0848,during,CSP,404.39
SUBJ0848,during,EBA175,4037.29
SUBJ0848,during,GLURP,492.45
SUBJ0848,during,MSP1,448.84
SUBJ0849,before,AMA1,1150.83
SUBJ0849,before,CSP,1490.48
SUBJ0849,before,EBA175,13747.37
SUBJ0849,before,GLURP,1483.72
SUBJ0849,before,MSP1,1504.23
SUBJ0849,during,AMA1,2542.7
SUBJ0849,during,CSP,3864.7
SUBJ0849,during,EBA175,5400.17
SUBJ0849,during,GLURP,586
SUBJ0849,during,MSP1,918.83
SUBJ0850,before,AMA1,20.82
SUBJ0850,before,CSP,42.38
SUBJ0850,before,EBA175,88.72
SUBJ0850,before,GLURP,8.25
SUBJ0850,before,MSP1,16.06
SUBJ0850,during,AMA1,164.94
SUBJ0850,during,CSP,67.69
SUBJ0850,during,EBA175,104.56
SUBJ0850,during,GLURP,246.47
SUBJ0850,during,MSP1,152.9
SUBJ0851,before,AMA1,1219.56
SUBJ0851,before,CSP,3822.11
SUBJ0851,before,EBA175,3584.72
SUBJ0851,before,GLURP,523.72
SUBJ0851,before,MSP1,11947.78
SUBJ0851,during,AMA1,858.79
SUBJ0851,during,CSP,909.25
SUBJ0851,during,EBA175,733.67
SUBJ0851,during,GLURP,1360.01
SUBJ0851,during,MSP1,990.72
SUBJ0852,before,AMA1,2584.19
SUBJ0852,before,CSP,821.45
SUBJ0852,before,EBA175,1448.82
SUBJ0852,before,GLURP,550.6
SUBJ0852,before,MSP1,590.36
SUBJ0852,during,AMA1,5044.55
SUBJ0852,during,CSP,348.9
SUBJ0852,during,EBA175,5868.59
SUBJ0852,during,GLURP,3001.43
SUBJ0852,during,MSP1,567.7
SUBJ0853,before,AMA1,98.03
SUBJ0853,before,CSP,329.25
SUBJ0853,before,EBA175,90.47
SUBJ0853,before,GLURP,64.89
SUBJ0853,before,MSP1,257.18
SUBJ0853,during,AMA1,326.22
SUBJ0853,during,CSP,118.57
SUBJ0853,during,EBA175,484.15
SUBJ0853,during,GLURP,147.54
SUBJ0853,during,MSP1,107.96
SUBJ0854,before,AMA1,84.98
SUBJ0854,before,CSP,726.5
SUBJ0854,before,EBA175,470.18
SUBJ0854,before,GLURP,108.17
SUBJ0854,before,MSP1,682
SUBJ0854,during,AMA1,276.24
SUBJ0854,during,CSP,68.65
SUBJ0854,during,EBA175,585.01
SUBJ0854,during,GLURP,229.77
SUBJ0854,during,MSP1,648.88
SUBJ0855,before,AMA1,165.84
SUBJ0855,before,CSP,2397.85
SUBJ0855,before,EBA175,1651.47
SUBJ0855,before,GLURP,954.75
SUBJ0855,before,MSP1,407.67
SUBJ0855,during,AMA1,3182.6
SUBJ0855,during,CSP,1862.17
SUBJ0855,during,EBA175,3770.13
SUBJ0855,during,GLURP,1111.16
SUBJ0855,during,MSP1,1192.39
SUBJ0856,before,AMA1,146.51
SUBJ0856,before,CSP,138.73
SUBJ0856,before,EBA175,135.54
SUBJ0856,before,GLURP,211.46
SUBJ0856,before,MSP1,574.7
SUBJ0856,during,AMA1,172.98
SUBJ0856,during,CSP,287.94
SUBJ0856,during,EBA175,748.35
SUBJ0856,during,GLURP,19.45
SUBJ0856,during,MSP1,132.3
SUBJ0857,before,AMA1,4057.77
SUBJ0857,before,CSP,1529.42
SUBJ0857,before,EBA175,1647.45
SUBJ0857,before,GLURP,248.85
SUBJ0857,before,MSP1,1078.48
SUBJ0857,during,AMA1,1775.59
SUBJ0857,during,CSP,4283.71
SUBJ0857,during,EBA175,1310.06
SUBJ0857,during,GLURP,1043.06
SUBJ0857,during,MSP1,4486.59
SUBJ0858,before,AMA1,2620.83
SUBJ0858,before,CSP,746.88
SUBJ0858,before,EBA175,758.38
SUBJ0858,before,GLURP,160.52
SUBJ0858,before,MSP1,784.09
SUBJ0858,during,AMA1,1887.08
SUBJ0858,during,CSP,2383.11
SUBJ0858,during,EBA175,2442.4
SUBJ0858,during,GLURP,404.56
SUBJ0858,during,MSP1,147.39
SUBJ0859,before,AMA1,3606.9
SUBJ0859,before,CSP,2181.5
SUBJ0859,before,EBA175,889.09
SUBJ0859,before,GLURP,431.71
SUBJ0859,before,MSP1,2762.66
SUBJ0859,during,AMA1,8064.6
SUBJ0859,during,CSP,893.2
SUBJ0859,during,EBA175,3154.17
SUBJ0859,during,GLURP,3255.04
SUBJ0859,during,MSP1,962.47
SUBJ0860,before,AMA1,404.59
SUBJ0860,before,CSP,286.26
SUBJ0860,before,EBA175,686.16
SUBJ0860,before,GLURP,144.46
SUBJ0860,before,MSP1,691.35
SUBJ0860,during,AMA1,949.54
SUBJ0860,during,CSP,1260.87
SUBJ0860,during,EBA175,1117.65
SUBJ0860,during,GLURP,412.37
SUBJ0860,during,MSP1,149.25
SUBJ0861,before,AMA1,1877.79
SUBJ0861,before,CSP,995.15
SUBJ0861,before,EBA175,1097.56
SUBJ0861,before,GLURP,233.85
SUBJ0861,before,MSP1,1089.32
SUBJ0861,during,AMA1,1261.52
SUBJ0861,during,CSP,212.42
SUBJ0861,during,EBA175,121.69
SUBJ0861,during,GLURP,433.44
SUBJ0861,during,MSP1,89.53
SUBJ0862,before,AMA1,122.08
SUBJ0862,before,CSP,144.71
SUBJ0862,before,EBA175,369.28
SUBJ0862,before,GLURP,99.41
SUBJ0862,before,MSP1,499.73
SUBJ0862,during,AMA1,228.41
SUBJ0862,during,CSP,313.75
SUBJ0862,during,EBA175,382.93
SUBJ0862,during,GLURP,173.11
SUBJ0862,during,MSP1,255.27
SUBJ0863,before,AMA1,54.75
SUBJ0863,before,CSP,415.5
SUBJ0863,before,EBA175,220.75
SUBJ0863,before,GLURP,78.1
SUBJ0863,before,MSP1,240.2
SUBJ0863,during,AMA1,171.08
SUBJ0863,during,CSP,292.67
SUBJ0863,during,EBA175,476.72
SUBJ0863,during,GLURP,169.63
SUBJ0863,during,MSP1,321.65
SUBJ0864,before,AMA1,44
SUBJ0864,before,CSP,190.77
SUBJ0864,before,EBA175,31.71
SUBJ0864,before,GLURP,28.71
SUBJ0864,before,MSP1,49.72
SUBJ0864,during,AMA1,28.44
SUBJ0864,during,CSP,100.5
SUBJ0864,during,EBA175,155.76
SUBJ0864,during,GLURP,212.8
SUBJ0864,during,MSP1,114.79
SUBJ0865,before,AMA1,784.13
SUBJ0865,before,CSP,788.49
SUBJ0865,before,EBA175,5324.93
SUBJ0865,before,GLURP,1079.45
SUBJ0865,before,MSP1,1761.72
SUBJ0865,during,AMA1,2963.76
SUBJ0865,during,CSP,3072.27
SUBJ0865,during,EBA175,1903.93
SUBJ0865,during,GLURP,3839.32
SUBJ0865,during,MSP1,6442.39
SUBJ0866,before,AMA1,689.86
SUBJ0866,before,CSP,2109.02
SUBJ0866,before,EBA175,1959.8
SUBJ0866,before,GLURP,541.09
SUBJ0866,before,MSP1,743.65
SUBJ0866,during,AMA1,220.1
SUBJ0866,during,CSP,419.81
SUBJ0866,during,EBA175,1583.03
SUBJ0866,during,GLURP,557.95
SUBJ0866,during,MSP1,359.6
SUBJ0867,before,AMA1,1849.1
SUBJ0867,before,CSP,2516
SUBJ0867,before,EBA175,4297.61
SUBJ0867,before,GLURP,556.53
SUBJ0867,before,MSP1,6971.17
SUBJ0867,during,AMA1,1897.81
SUBJ0867,during,CSP,5673.76
SUBJ0867,during,EBA175,1346.91
SUBJ0867,during,GLURP,1630.9
SUBJ0867,during,MSP1,1242.05
SUBJ0868,before,AMA1,174.34
SUBJ0868,before,CSP,598.86
SUBJ0868,before,EBA175,1012.59
SUBJ0868,before,GLURP,298.65
SUBJ0868,before,MSP1,520.72
SUBJ0868,during,AMA1,1848.91
SUBJ0868,during,CSP,456.18
SUBJ0868,during,EBA175,893.63
SUBJ0868,during,GLURP,723.38
SUBJ0868,during,MSP1,4118.06
SUBJ0869,before,AMA1,2679.47
SUBJ0869,before,CSP,1877.34
SUBJ0869,before,EBA175,1791.15
SUBJ0869,before,GLURP,1342.01
SUBJ0869,before,MSP1,4566.33
SUBJ0869,during,AMA1,2288.23
SUBJ0869,during,CSP,971.34
SUBJ0869,during,EBA175,3118.5
SUBJ0869,during,GLURP,1983.41
SUBJ0869,during,MSP1,19629.78
SUBJ0870,before,AMA1,808.84
SUBJ0870,before,CSP,1573.43
SUBJ0870,before,EBA175,8970.5
SUBJ0870,before,GLURP,353.74
SUBJ0870,before,MSP1,2352.79
SUBJ0870,during,AMA1,2301.27
SUBJ0870,during,CSP,497.82
SUBJ0870,during,EBA175,4198.01
SUBJ0870,during,GLURP,129.73
SUBJ0870,during,MSP1,2315.24
SUBJ0871,before,AMA1,668.65
SUBJ0871,before,CSP,794.57
SUBJ0871,before,EBA175,973.94
SUBJ0871,before,GLURP,451.67
SUBJ0871,before,MSP1,1587.01
SUBJ0871,during,AMA1,1310.06
SUBJ0871,during,CSP,2395.51
SUBJ0871,during,EBA175,4022.03
SUBJ0871,during,GLURP,1174.11
SUBJ0871,during,MSP1,391.12
SUBJ0872,before,AMA1,4699.18
SUBJ0872,before,CSP,1552.41
SUBJ0872,before,EBA175,2845.58
SUBJ0872,before,GLURP,1254.79
SUBJ0872,before,MSP1,6728.3
SUBJ0872,during,AMA1,2294.35
SUBJ0872,during,CSP,1987.32
SUBJ0872,during,EBA175,17996.25
SUBJ0872,during,GLURP,3353.01
SUBJ0872,during,MSP1,1402.91
SUBJ0873,before,AMA1,332.59
SUBJ0873,before,CSP,147.18
SUBJ0873,before,EBA175,343.72
SUBJ0873,before,GLURP,275.24
SUBJ0873,before,MSP1,1781.97
SUBJ0873,during,AMA1,973.36
SUBJ0873,during,CSP,237.57
SUBJ0873,during,EBA175,1368.52
SUBJ0873,during,GLURP,1055.55
SUBJ0873,during,MSP1,62.4
SUBJ0874,before,AMA1,318.57
SUBJ0874,before,CSP,261.56
SUBJ0874,before,EBA175,769.57
SUBJ0874,before,GLURP,601.57
SUBJ0874,before,MSP1,382.93
SUBJ0874,during,AMA1,205.06
SUBJ0874,during,CSP,228.6
SUBJ0874,during,EBA175,1070.29
SUBJ0874,during,GLURP,1326.3
SUBJ0874,during,MSP1,2117.21
SUBJ0875,before,AMA1,479.72
SUBJ0875,before,CSP,1201.5
SUBJ0875,before,EBA175,1511.07
SUBJ0875,before,GLURP,1736.42
SUBJ0875,before,MSP1,2004.74
SUBJ0875,during,AMA1,2081.13
SUBJ0875,during,CSP,597.3
SUBJ0875,during,EBA175,1739.31
SUBJ0875,during,GLURP,877.38
SUBJ0875,during,MSP1,4892.18
SUBJ0876,before,AMA1,14390.42
SUBJ0876,before,CSP,3595.51
SUBJ0876,before,EBA175,10433.28
SUBJ0876,before,GLURP,1504.31
SUBJ0876,before,MSP1,786.51
SUBJ0876,during,AMA1,3616.04
SUBJ0876,during,CSP,1696.39
SUBJ0876,during,EBA175,5722.71
SUBJ0876,during,GLURP,3699.8
SUBJ0876,during,MSP1,6651.23
SUBJ0877,before,AMA1,4268.14
SUBJ0877,before,CSP,7209.8
SUBJ0877,before,EBA175,14535.15
SUBJ0877,before,GLURP,537.29
SUBJ0877,before,MSP1,1130.07
SUBJ0877,during,AMA1,14952.34
SUBJ0877,during,CSP,3591.47
SUBJ0877,during,EBA175,4539.01
SUBJ0877,during,GLURP,1516.01
SUBJ0877,during,MSP1,2050.22
SUBJ0878,before,AMA1,116.58
SUBJ0878,before,CSP,224.09
SUBJ0878,before,EBA175,142.58
SUBJ0878,before,GLURP,172.86
SUBJ0878,before,MSP1,404.79
SUBJ0878,during,AMA1,163.22
SUBJ0878,during,CSP,77.24
SUBJ0878,during,EBA175,591.73
SUBJ0878,during,GLURP,58.33
SUBJ0878,during,MSP1,350.15
SUBJ0879,before,AMA1,776.39
SUBJ0879,before,CSP,1540.52
SUBJ0879,before,EBA175,1069.79
SUBJ0879,before,GLURP,2369.73
SUBJ0879,before,MSP1,3825.05
SUBJ0879,during,AMA1,9797.97
SUBJ0879,during,CSP,747.87
SUBJ0879,during,EBA175,5500.31
SUBJ0879,during,GLURP,2128.89
SUBJ0879,during,MSP1,671.66
SUBJ0880,before,AMA1,2551.74
SUBJ0880,before,CSP,501.66
SUBJ0880,before,EBA175,26293.35
SUBJ0880,before,GLURP,5167.58
SUBJ0880,before,MSP1,734.26
SUBJ0880,during,AMA1,12302.52
SUBJ0880,during,CSP,1513.74
SUBJ0880,during,EBA175,6982.81
SUBJ0880,during,GLURP,495.66
SUBJ0880,during,MSP1,1303.96
SUBJ0881,before,AMA1,418.12
SUBJ0881,before,CSP,1812.49
SUBJ0881,before,EBA175,379.43
SUBJ0881,before,GLURP,20.89
SUBJ0881,before,MSP1,673.57
SUBJ0881,during,AMA1,454.26
SUBJ0881,during,CSP,934.83
SUBJ0881,during,EBA175,1211.17
SUBJ0881,during,GLURP,366.03
SUBJ0881,during,MSP1,534.96
SUBJ0882,before,AMA1,215.02
SUBJ0882,before,CSP,90.07
SUBJ0882,before,EBA175,343.2
SUBJ0882,before,GLURP,58.9
SUBJ0882,before,MSP1,3616.39
SUBJ0882,during,AMA1,994.16
SUBJ0882,during,CSP,119.01
SUBJ0882,during,EBA175,286.28
SUBJ0882,during,GLURP,219.23
SUBJ0882,during,MSP1,101.93
SUBJ0883,before,AMA1,6805.95
SUBJ0883,before,CSP,2914.46
SUBJ0883,before,EBA175,1729.78
SUBJ0883,before,GLURP,4324.93
SUBJ0883,before,MSP1,8166.66
SUBJ0883,during,AMA1,1929.22
SUBJ0883,during,CSP,2920.27
SUBJ0883,during,EBA175,4514.46
SUBJ0883,during,GLURP,1648.47
SUBJ0883,during,MSP1,8270.98
SUBJ0884,before,AMA1,1590.82
SUBJ0884,before,CSP,1398.82
SUBJ0884,before,EBA175,6531.18
SUBJ0884,before,GLURP,421.1
SUBJ0884,before,MSP1,3710.67
SUBJ0884,during,AMA1,2008.22
SUBJ0884,during,CSP,2216.76
SUBJ0884,during,EBA175,5231.08
SUBJ0884,during,GLURP,3431.99
SUBJ0884,during,MSP1,8468.15
SUBJ0885,before,AMA1,3366.64
SUBJ0885,before,CSP,593.77
SUBJ0885,before,EBA175,5701
SUBJ0885,before,GLURP,627.12
SUBJ0885,before,MSP1,807.88
SUBJ0885,during,AMA1,679.22
SUBJ0885,during,CSP,844.1
SUBJ0885,during,EBA175,548.67
SUBJ0885,during,GLURP,2167.29
SUBJ0885,during,MSP1,2781.64
SUBJ0886,before,AMA1,662.1
SUBJ0886,before,CSP,1175.08
SUBJ0886,before,EBA175,1371.36
SUBJ0886,before,GLURP,1881.27
SUBJ0886,before,MSP1,1369.75
SUBJ0886,during,AMA1,454.14
SUBJ0886,during,CSP,566.67
SUBJ0886,during,EBA175,1939.4
SUBJ0886,during,GLURP,576.1
SUBJ0886,during,MSP1,2358.9
SUBJ0887,before,AMA1,12704.37
SUBJ0887,before,CSP,3634.71
SUBJ0887,before,EBA175,4065.94
SUBJ0887,before,GLURP,277.55
SUBJ0887,before,MSP1,2741.83
SUBJ0887,during,AMA1,3500.83
SUBJ0887,during,CSP,5225.21
SUBJ0887,during,EBA175,1116.94
SUBJ0887,during,GLURP,5411.87
SUBJ0887,during,MSP1,3161.35
SUBJ0888,before,AMA1,2001.52
SUBJ0888,before,CSP,316.09
SUBJ0888,before,EBA175,2556.14
SUBJ0888,before,GLURP,2926.16
SUBJ0888,before,MSP1,1381.35
SUBJ0888,during,AMA1,3177.6
SUBJ0888,during,CSP,1774.71
SUBJ0888,during,EBA175,1974.63
SUBJ0888,during,GLURP,1607.99
SUBJ0888,during,MSP1,836.74
SUBJ0889,before,AMA1,5110.79
SUBJ0889,before,CSP,4348.84
SUBJ0889,before,EBA175,79410.2
SUBJ0889,before,GLURP,1778.57
SUBJ0889,before,MSP1,4291.71
SUBJ0889,during,AMA1,21530.41
SUBJ0889,during,CSP,1912.67
SUBJ0889,during,EBA175,1414.4
SUBJ0889,during,GLURP,603.52
SUBJ0889,during,MSP1,10937.45
SUBJ0890,before,AMA1,1359.93
SUBJ0890,before,CSP,1332.27
SUBJ0890,before,EBA175,3278.48
SUBJ0890,before,GLURP,38.85
SUBJ0890,before,MSP1,2799.95
SUBJ0890,during,AMA1,2431.66
SUBJ0890,during,CSP,5007.85
SUBJ0890,during,EBA175,789.2
SUBJ0890,during,GLURP,3639.63
SUBJ0890,during,MSP1,1509.77
SUBJ0891,before,AMA1,1963.77
SUBJ0891,before,CSP,3460.46
SUBJ0891,before,EBA175,3775.68
SUBJ0891,before,GLURP,2001.47
SUBJ0891,before,MSP1,2775.85
SUBJ0891,during,AMA1,3828.98
SUBJ0891,during,CSP,13880.68
SUBJ0891,during,EBA175,4631.17
SUBJ0891,during,GLURP,2433.17
SUBJ0891,during,MSP1,1438.58
SUBJ0892,before,AMA1,74.19
SUBJ0892,before,CSP,127.34
SUBJ0892,before,EBA175,517.97
SUBJ0892,before,GLURP,61.88
SUBJ0892,before,MSP1,147.78
SUBJ0892,during,AMA1,1847.52
SUBJ0892,during,CSP,148.14
SUBJ0892,during,EBA175,1124.35
SUBJ0892,during,GLURP,202.51
SUBJ0892,during,MSP1,155.58
SUBJ0893,before,AMA1,1097.63
SUBJ0893,before,CSP,133.21
SUBJ0893,before,EBA175,136.3
SUBJ0893,before,GLURP,107.42
SUBJ0893,before,MSP1,138.22
SUBJ0893,during,AMA1,257.57
SUBJ0893,during,CSP,101.65
SUBJ0893,during,EBA175,139.9
SUBJ0893,during,GLURP,34.6
SUBJ0893,during,MSP1,207.51
SUBJ0894,before,AMA1,161.38
SUBJ0894,before,CSP,43.86
SUBJ0894,before,EBA175,140.01
SUBJ0894,before,GLURP,72.25
SUBJ0894,before,MSP1,127.48
SUBJ0894,during,AMA1,331.38
SUBJ0894,during,CSP,362.5
SUBJ0894,during,EBA175,233.55
SUBJ0894,during,GLURP,72.87
SUBJ0894,during,MSP1,349.13
SUBJ0895,before,AMA1,196.63
SUBJ0895,before,CSP,495.08
SUBJ0895,before,EBA175,940.54
SUBJ0895,before,GLURP,91.84
SUBJ0895,before,MSP1,279.34
SUBJ0895,during,AMA1,190.85
SUBJ0895,during,CSP,59.93
SUBJ0895,during,EBA175,270.96
SUBJ0895,during,GLURP,105.17
SUBJ0895,during,MSP1,144.14
SUBJ0896,before,AMA1,3365.73
SUBJ0896,before,CSP,882.56
SUBJ0896,before,EBA175,193.06
SUBJ0896,before,GLURP,388.01
SUBJ0896,before,MSP1,295.44
SUBJ0896,during,AMA1,726.64
SUBJ0896,during,CSP,3064.92
SUBJ0896,during,EBA175,966.84
SUBJ0896,during,GLURP,178.17
SUBJ0896,during,MSP1,391.33
SUBJ0897,before,AMA1,2372.75
SUBJ0897,before,CSP,2842.49
SUBJ0897,before,EBA175,530.54
SUBJ0897,before,GLURP,1239.01
SUBJ0897,before,MSP1,1764.52
SUBJ0897,during,AMA1,8041.2
SUBJ0897,during,CSP,816.16
SUBJ0897,during,EBA175,2139.48
SUBJ0897,during,GLURP,935.76
SUBJ0897,during,MSP1,1410.51
SUBJ0898,before,AMA1,10127.21
SUBJ0898,before,CSP,3365.9
SUBJ0898,before,EBA175,9488.63
SUBJ0898,before,GLURP,714
SUBJ0898,before,MSP1,1650.69
SUBJ0898,during,AMA1,583.72
SUBJ0898,during,CSP,234.71
SUBJ0898,during,EBA175,2259.51
SUBJ0898,during,GLURP,3277.69
SUBJ0898,during,MSP1,7314
SUBJ0899,before,AMA1,1502.16
SUBJ0899,before,CSP,62.9
SUBJ0899,before,EBA175,2578.26
SUBJ0899,before,GLURP,1510.23
SUBJ0899,before,MSP1,144.01
SUBJ0899,during,AMA1,978.55
SUBJ0899,during,CSP,1875.22
SUBJ0899,during,EBA175,7432.73
SUBJ0899,during,GLURP,310.67
SUBJ0899,during,MSP1,142.42
SUBJ0900,before,AMA1,119.52
SUBJ0900,before,CSP,112.29
SUBJ0900,before,EBA175,186.48
SUBJ0900,before,GLURP,49.21
SUBJ0900,before,MSP1,840.6
SUBJ0900,during,AMA1,127.3
SUBJ0900,during,CSP,192.06
SUBJ0900,during,EBA175,235.36
SUBJ0900,during,GLURP,429.77
SUBJ0900,during,MSP1,1144.09
